Question,Generated_Answer
Đại học Quốc gia Hà Nội có bao nhiêu chương trình đào tạo?,Hơn 300 chương trình đào tạo.
Đại học Quốc gia Hà Nội có bao nhiêu hình thức đào tạo?,Hơn 200.
Đại học Quốc gia Hà Nội có bao nhiêu nguồn kinh phí đào tạo?,Hơn 500 nguồn kinh phí đào tạo.
Đại học Quốc gia Hà Nội có bao nhiêu đơn vị đào tạo?,13
Đại học Quốc gia Hà Nội có bao nhiêu tiêu chuẩn đánh giá chất lượng đào tạo?,6 tiêu chuẩn đánh giá chất lượng đào tạo.
Đại học Quốc gia Hà Nội có bao nhiêu cơ sở vật chất phục vụ công tác đào tạo?,15.000
Đại học Quốc gia Hà Nội có bao nhiêu chương trình đào tạo liên kết quốc tế?,Tôi không biết.
Đại học Quốc gia Hà Nội có trụ sở tại thành phố nào?,Hà Nội.
"Đại học Quốc gia Hà Nội có trụ sở tại khu đô thị ĐHQGHN tại Hoà Lạc, Thạch Thất, Hà Nội có giấy phép số 993/GP-TTĐT từ năm nào?",2013
"Đại học Quốc gia Hà Nội có trụ sở tại khu đô thị ĐHQGHN tại Hoà Lạc, Thạch Thất, Hà Nội có webmaster là ai?",Tôi không biết.
"Đại học Quốc gia Hà Nội tổ chức Hội nghị Khoa học, công nghệ và đổi mới sáng tạo thường niên năm 2023 vào ngày nào?",tháng 11
ĐHQGHN xác định năm 2023 là năm đột phá về hoạt động KH&CN. Mục tiêu của năm này là gì?,"ĐHQGHN xác định năm 2023 là năm đột phá về hoạt động KH&CN, mục tiêu năm 2023 là ""Xây dựng và thực hiện chiến lược phát triển KH&CN bền vững, thúc đẩy chuyển đổi số"
Các nhóm nghiên cứu mạnh của ĐHQGHN được ưu tiên đầu tư để đạt trình độ khu vực và quốc tế. Các lĩnh vực nghiên cứu của các nhóm này bao gồm?,"Nghiên cứu về cơ bản và ứng dụng, công nghệ sinh học, công nghệ sinh vật học và sinh học môi trường."
"ĐHQGHN đã ban hành nhiều cơ chế, chính sách trọng dụng, đãi ngộ các nhà khoa học, tạo động lực thúc đẩy phát triển các tiềm lực KH&CN và đổi mới sáng tạo. Các chính sách này bao gồm?","Đạo decree 1422/2016/ND-CP, 179/2017/ND-CP, 01/2020/ND-CP"
"ĐHQGHN đã công bố danh sách 09 phòng thí nghiệm/trung tâm nghiên cứu trọng điểm cấp ĐHQGHN giai đoạn 2023-2028, bao gồm?",Tôi không biết.
ĐHQGHN đã công bố danh sách 30 nhóm nghiên cứu mạnh cấp ĐHQGHN bao gồm?,Nhóm nghiên cứu mạnh về Y học
ĐHQGHN đã công bố hỗ trợ 06 nhóm nghiên cứu mạnh/phòng thí nghiệm trọng điểm nhằm phát triển sản phẩm bao gồm?,"Nghiên cứu và phát triển công nghệ sinh học, công nghệ sinh học và công nghệ sinh học - kỹ thuật."
Đại học Quốc gia Hà Nội có tên gọi nào khác trước đây?,Đại học Sư phạm Hà Nội.
Địa điểm đặt trụ sở của Đại học Quốc gia Hà Nội là ở đâu?,Tổ chức Giáo dục và Đào tạo
Giấy phép số 993/GP-TTĐT ngày 20/3/2020 là giấy phép của cơ quan nào?,Bộ Giáo dục và Đào tạo
Địa chỉ liên hệ của Đại học Quốc gia Hà Nội là gì?,"Địa chỉ liên hệ của Đại học Quốc gia Hà Nội là 1 Nguyễn Văn Cừ, Phường Đống Đa, Quận Hà Nội, Việt Nam."
"Đại học Quốc gia Hà Nội có nhiều trường trực thuộc, bao gồm các trường nào?","Đại học Quốc gia Hà Nội có nhiều trường trực thuộc, bao gồm Trường ĐH Sư phạm Hà Nội, Trường ĐH Khoa học Xã hội và Nhân loại, Trường ĐH Kinh tế, Trường ĐH Sư phạm Teacher Training,"
"Đại học Quốc gia Hà Nội có nhiều đơn vị nghiên cứu khoa học, bao gồm các đơn vị nào?","Đại học Quốc gia Hà Nội có nhiều đơn vị nghiên cứu khoa học, bao gồm: Trung tâm Nghiên cứu Tiêu chuẩn và Kỹ thuật (CERT), Trung tâm Nghiên cứu Phát triển Công nghệ Giao tiếp ("
"Đại học Quốc gia Hà Nội có nhiều trung tâm đào tạo trực thuộc, bao gồm các trung tâm nào?","Trung tâm đào tạo trực thuộc Đại học Quốc gia Hà Nội bao gồm Trung tâm Công nghệ Giao tiếp, Trung tâm Sư phạm, Trung tâm Phát triển Khoa học và Công nghệ, Trung tâm Sư phạm Đa phương tiện, Trung"
"Đại học Quốc gia Hà Nội có nhiều đơn vị dịch vụ và hỗ trợ, bao gồm các đơn vị nào?","Đào tạo, đào tạo nghề, dịch vụ khách hàng, văn phòng, thư viện, bệnh viện, quán ăn, quán cà phê, khu vực giao lưu, quán karaoke, quán bowling, quán thể thao, quán thể dục, phòng"
"Đại học Quốc gia Hà Nội có nhiều đơn vị thực hiện nhiệm vụ đặc biệt, bao gồm các đơn vị nào?","Đại học Quốc gia Hà Nội có nhiều đơn vị thực hiện nhiệm vụ đặc biệt, bao gồm: Viện Nghiên cứu Khảo cổ, Viện Văn hóa, Viện Nghiên cứu Khám phá, Trung tâm An sinh xã hội,"
"Đại học Quốc gia Hà Nội có nhiều văn bản pháp quy, bao gồm các văn bản nào?","Quy định, quy chế, quy phạm, văn bản pháp luật, quy định, quy trình, nghị định, pháp lệnh, quy chế, quy phạm, quy định, quy trình, nghị định, pháp lệnh, quy chế, quy phạm"
"Trường Đại học Giáo dục, Đại học Quốc gia Hà Nội được thành lập vào năm nào?",1988
Thành phố Hà Nội là thủ đô của quốc gia nào?,Việt Nam
Đại học Quốc gia Hà Nội có bao nhiêu trường thành viên?,10
Khoa Sư phạm được thành lập vào ngày nào?,1960
Hiệu trưởng Trường Đại học Giáo dục hiện tại là ai?,Nguyễn Hữu Tùng
Trường Đại học Giáo dục có bao nhiêu khoa?,4
"Viện Nghiên cứu lâm sàng về xã hội, tâm lý và giáo dục được thành lập vào ngày nào?",2008
Trường Đại học Giáo dục có bao nhiêu sinh viên sau đại học?,Tôi không biết.
Trường Đại học Giáo dục có bao nhiêu giảng viên?,Tôi không biết.
Đại học Quốc gia Hà Nội có bao nhiêu thành viên trong ASEAN?,Không có thông tin về thành viên của Đại học Quốc gia Hà Nội trong ASEAN.
Trường Đại học Giáo dục có bao nhiêu Phó hiệu trưởng?,Tôi không biết.
Trường ĐHKHTN được thành lập trên cơ sở hợp nhất 4 khối THPT Chuyên vào năm nào?,1995
Số lượng sinh viên hệ đại học chính quy của Trường ĐHKHTN trong năm nào giữ ổn định?,1989
Trường ĐHKHTN đã triển khai áp dụng phương thức đào tạo tín chỉ toàn phần vào năm nào?,2011
Số lượng chuyên ngành đào tạo tiến sĩ của Trường ĐHKHTN hiện nay là bao nhiêu?,Tôi không biết.
Số lượng chuyên ngành đào tạo thạc sĩ của Trường ĐHKHTN hiện nay là bao nhiêu?,Tôi không biết.
Địa chỉ của Trường ĐHKHTN là ở đâu?,"Địa chỉ của Trường ĐHKHTN là 01 Xuân Diệu, phường Trung Phố, quận Đống Đa, Hà Nội."
Số điện thoại của Trường ĐHKHTN là bao nhiêu?,Tôi không biết.
Số fax của Trường ĐHKHTN là bao nhiêu?,Tôi không biết.
Email của Trường ĐHKHTN là gì?,trungcent@hust.edu.vn
"Năm Trường ĐHKHTN ra đời là sự tiếp nối, kế thừa và phát huy truyền thống của Trường ĐHTH Hà Nội - Trường đại học đầu tiên và lớn nhất của đất nước là năm nào?",1929
Địa chỉ của Trường ĐHKHTN là ở đâu?,Học viện Kỹ thuật Hà Nội
Đại học Quốc gia Hà Nội (ĐHQGHN) có bao nhiêu chỉ tiêu tuyển sinh đại học chính quy năm 2024?,Tôi không biết.
ĐHQGHN tuyển sinh trên phạm vi cả nước và quốc tế vào bao nhiêu ngành/CTĐT?,Hơn 100 ngành/CTĐT.
"Năm 2024, ĐHQGHN mở bao nhiêu CTĐT mới?",Tôi không biết.
ĐHQGHN có bao nhiêu chỉ tiêu tuyển sinh bằng kép năm 2024?,Tôi không biết.
Thời gian xét tuyển đợt 1 của ĐHQGHN dự kiến là bao giờ?,Tôi không biết.
Thí sinh trúng tuyển (đợt 1) nhập học trước 17h 00 ngày 27/8/2024,Tôi không biết.
Địa chỉ trang thông tin điện tử của ĐHQGHN là gì?,http://dinhthai.hnu.edu.vn
Địa chỉ trang mạng xã hội của ĐHQGHN là gì?,facebook.com
Số điện thoại liên hệ của ĐHQGHN là gì?,0903.383.111
ĐHQGHN có bao nhiêu sinh viên đang học tại các đơn vị đào tạo theo hình thức đào tạo chính quy?,10.000
Trường Đại học Khoa học Xã hội và Nhân văn (ĐHQGHN) được thành lập vào năm nào?,1960
Số lượng chương trình đào tạo tại Trường Đại học Khoa học Xã hội và Nhân văn (ĐHQGHN) là bao nhiêu?,12 chuyên ngành.
"Số lượng quốc gia có trường Đại học, Trung tâm nghiên cứu khoa học và tổ chức Giáo dục hợp tác với Trường Đại học Khoa học Xã hội và Nhân văn (ĐHQGHN) là bao nhiêu?",Tôi không biết.
"Số lượng cán bộ, sinh viên học tập, nghiên cứu, trao đổi quốc tế tại Trường Đại học Khoa học Xã hội và Nhân văn (ĐHQGHN) là khoảng bao nhiêu?",Tôi không biết.
Địa chỉ của Trường Đại học Khoa học Xã hội và Nhân văn (ĐHQGHN) là ở đâu?,"34-36 Quang Trung, Phường Hoàn Kiếm, Thành phố Hà Nội, Việt Nam."
"Số lượng sinh viên, học viên cao học và nghiên cứu sinh đang theo học tại Trường Đại học Khoa học Xã hội và Nhân văn (ĐHQGHN) là khoảng bao nhiêu?",40.000
Đại học Ngoại ngữ - Đại học Quốc gia Hà Nội có hệ thống nào được công bố vào năm 2019?,Hệ thống đào tạo 2+2.
Số tiền học bổng ULIS-SNHU TALENT dành cho thủ khoa được công bố là bao nhiêu?,Tôi không biết.
Địa điểm được đề cập trong học bổng ULIS-SNHU TALENT là nơi nào?,Sài Gòn
Số suất học bổng được đề cập trong thông báo là bao nhiêu?,Tôi không biết.
Địa chỉ của Trường Đại học Ngoại ngữ - Đại học Quốc gia Hà Nội là nơi nào?,"Trường Đại học Ngoại ngữ - Đại học Quốc gia Hà Nội, 1 đường Láng Hạ, phường Láng Thượng, quận Tây Hồ, Hà Nội."
Kỳ thi tuyển sinh vào lớp 10 sẽ diễn ra vào ngày nào?,Tôi không biết.
Số học sinh lớp 9 năm học 2022-2023 tại Hà Nội là bao nhiêu?,Tôi không biết.
Tỷ lệ học sinh có cơ hội đỗ vào lớp 10 công lập tại Hà Nội năm nay chiếm bao nhiêu?,Tôi không biết.
Số chỉ tiêu học sinh vào trường THPT công lập tại Hà Nội năm nay tăng thêm bao nhiêu so với năm trước?,Tôi không biết.
Kỳ nghỉ lễ 30/4 – 1/5 năm nay kéo dài bao nhiêu ngày?,15 ngày.
Số học sinh có cơ hội đỗ vào lớp 10 công lập chiếm tỷ lệ thấp nhất trong 4 năm trở lại đây là năm nào?,2019
"Số chỉ tiêu vào trường THPT công lập tự chủ và tư thục, trung tâm GDNN - GDTX và các cơ sở giáo dục nghề nghiệp tại Hà Nội là bao nhiêu?",Tôi không biết.
Trường Khoa học liên ngành và Nghệ thuật - Đại học Quốc gia Hà Nội có địa chỉ ở đâu?,"68 Láng Thượng, Ba Đình, Hà Nội."
Số điện thoại của Trường Khoa học liên ngành và Nghệ thuật - Đại học Quốc gia Hà Nội là?,(02) 3844 3333
Email của Trường Khoa học liên ngành và Nghệ thuật - Đại học Quốc gia Hà Nội là?,kgln@duoc.edu.vn
Đại học Quốc gia Hà Nội có tên viết tắt là?,UNIV
Trường Khoa học liên ngành và Nghệ thuật - Đại học Quốc gia Hà Nội có trang Facebook là?,Facebook
Số năm thành lập của Đại học Carnegie Mellon là?,1929
Địa điểm tổ chức của Trường Khoa học liên ngành và Nghệ thuật - Đại học Quốc gia Hà Nội là?,Trung tâm Văn hóa Sư phạm.
Số điện thoại liên hệ của Trường Khoa học liên ngành và Nghệ thuật - Đại học Quốc gia Hà Nội là?,0903 333 444
Đại học Quốc gia Hà Nội có tên tiếng Anh là gì?,University of Nations of Vietnam
Địa chỉ của Trường Đại học Quốc gia Hà Nội là ở đâu?,"62-64 Trần Hưng Đạo, phường Đống Đa, quận Đống Đa, Hà Nội."
Thời gian xét tuyển đợt 1 của Trường Đại học Quốc gia Hà Nội là từ khi nào đến khi nào?,Thời gian xét tuyển đợt 1 của Trường Đại học Quốc gia Hà Nội là tháng 7 đến tháng 8.
Hồ sơ xét tuyển của Trường Đại học Quốc gia Hà Nội bao gồm những giấy tờ nào?,"Giấy tờ cần thiết: Bằng cấp, Chứng minh nhân dân, Đơn xin, Hộ chiếu, Kết quả học tập, Tờ khai, Văn bản giới thiệu, Văn bản xác nhận."
Trường Đại học Quốc gia Hà Nội tuyển sinh trong phạm vi cả nước và quốc tế?,"Đúng, tuyển sinh cả nước và quốc tế."
Phương thức xét tuyển của Trường Đại học Quốc gia Hà Nội bao gồm những phương thức nào?,"Đồng tác giả, học bổng, tuyển sinh xét tuyển dựa trên kết quả thi THPT, tuyển chọn có điều kiện, xét tuyển dựa trên kết quả học tập, xét tuyển dựa trên kết quả thi học lớp 12."
Chỉ tiêu tuyển sinh của Trường Đại học Quốc gia Hà Nội năm 2020 là khoảng bao nhiêu?,5.000
Học phí dự kiến của Trường Đại học Quốc gia Hà Nội đối với sinh viên chính quy chuẩn là bao nhiêu?,Tôi không biết.
Thời gian xét tuyển đợt bổ sung của Trường Đại học Quốc gia Hà Nội dự kiến từ khi nào đến khi nào?,Thời gian xét tuyển đợt bổ sung của Trường Đại học Quốc gia Hà Nội thường là tháng 6 đến tháng 7 hàng năm.
"Trường Đại học Quốc gia Hà Nội xét tuyển thẳng, ưu tiên xét tuyển cho những đối tượng nào?","Giáo viên có trình độ, sinh viên có chứng chỉ ngoại ngữ, người có chứng chỉ ngoại ngữ, người có chứng chỉ ngoại ngữ."
Đại học Quốc gia Hà Nội (ĐHQGHN) được thành lập vào năm nào?,1940
Đại học Quốc gia Hà Nội có bao nhiêu trường đại học thành viên?,7
Website kỷ niệm 100 năm ĐHQGHN được ra mắt vào năm nào?,2022
"Đại học Quốc gia Hà Nội có trụ sở chính tại khu đô thị ĐHQGHN tại Hoà Lạc, Thạch Thất, Hà Nội hay không?",Không.
Đại học Quốc gia Hà Nội có giấy phép số 993/GP-TTĐT ngày 20/3/2020 của Sở Thông tin và Truyền thông Hà Nội hay không?,Không.
"Đại học Quốc gia Hà Nội có khu đô thị ĐHQGHN tại Hoà Lạc, Thạch Thất, Hà Nội hay không?",Có
Đại học Quốc gia Hà Nội có trụ sở chính tại Hà Nội hay không?,Có
Đại học Quốc gia Hà Nội có nhiều cơ sở tại Hà Nội hay không?,Có
"Đại học Quốc gia Hà Nội có nhiều cơ sở tại khu đô thị ĐHQGHN tại Hoà Lạc, Thạch Thất, Hà Nội hay không?",Có.
"Trường Đại học Khoa học Xã hội và Nhân văn, ĐHQGHN thông báo kế hoạch tuyển sinh đại học hệ chính quy các chương trình đào tạo (CTĐT) ngành thứ hai năm 2024 (đợt 2) vào ngày nào?",Tháng 8
Kỳ thi Olympic bậc THPT của Đại học Quốc gia Hà Nội cho các môn Ngữ văn và Lịch sử diễn ra vào ngày nào?,2010
Vị trí Quán quân của Vòng Chung kết “Đại sứ Văn hóa Du lịch sinh viên năm 2024” là ai?,Học sinh.
"Chương trình Tiến sĩ chuyên ngành Tiếng Việt và Nghiên cứu Việt Nam bắt đầu tuyển sinh tại Trường Đại học Khoa học Xã hội và Nhân văn, ĐHQGHN từ kỳ tuyển sinh đợt 2 năm 2024 vào ngày nào?",Tôi không biết.
"Học viên sau khi tốt nghiệp thạc sĩ có khả năng phân tích được hệ thống chính sách và kiến thức liên ngành làm cơ sở triển khai hoạt động nghiên cứu, tư vấn chính sách phù hợp với thực tiễn pháp lý và bối cảnh đời sống xã hội Việt Nam trong môi trường toàn cầu vào lĩnh vực nào?","Nghiên cứu, tư vấn chính sách."
Hội đồng tuyển sinh đại học chính quy năm 2024 trường Đại học Khoa học Xã hội và Nhân văn - Đại học Quốc gia Hà Nội thông báo mức điểm trúng tuyển đại học chính quy phương thức xét tuyển kết quả thi tốt nghiệp THPT (100) năm 2024 vào ngày nào?,13/7
Trường Đại học Khoa học Xã hội và Nhân văn (KHXH&NV) - Đại học Quốc gia Hà Nội thông báo kết quả thi tuyển sinh lớp 10 Trường THPT Chuyên KHXH&NV năm 2024 vào ngày nào?,Tôi không biết.
Trường Đại học Việt Nhật (VJU) có trụ sở tại thành phố nào?,Thành phố Gia Lâm.
VJU có cơ sở thứ hai ở địa điểm nào?,"VJU có cơ sở thứ hai ở Bagramian, Armenia."
VJU có hotline nào để liên hệ?,VJU có hotline 024 3774 5555
VJU có địa chỉ email nào để liên hệ?,vuij@vju.edu.vn
VJU có cơ sở thứ hai ở địa điểm nào?,VJU có cơ sở thứ hai ở Vũng Tàu.
VJU có hotline nào để liên hệ?,VJU có hotline 024 3774 4444
VJU có địa chỉ email nào để liên hệ?,vju.hnu.edu.vn
"VJU có trụ sở tại đường Lưu Hữu Phước, Cầu Diễn, Nam Từ Liêm, Hà Nội.",VJU
VJU có hotline nào để liên hệ?,0903.880.880
VJU có địa chỉ email nào để liên hệ?,VJU (Trường Đại học Sư phạm Hà Nội) có địa chỉ email liên hệ: vju@vju.edu.vn.
"VJU có trụ sở tại đường Lưu Hữu Phước, Cầu Diễn, Nam Từ Liêm, Hà Nội.",Đại học Sư phạm Hà Nội (VJU)
VJU có hotline nào để liên hệ?,Vietnam-Japan University (VJU)
VJU có địa chỉ email nào để liên hệ?,vuj@hnu.edu.vn
"VJU có trụ sở tại đường Lưu Hữu Phước, Cầu Diễn, Nam Từ Liêm, Hà Nội.","VJU không phải là trường đại học mà bạn đang tìm kiếm, nhưng có thể là Trường ĐH Sư phạm Hà Nội (ĐH Sư phạm Hà Nội) hoặc trường ĐH Sư phạm Hà Nội nằm tại đường Lưu H"
VJU có hotline nào để liên hệ?,VJU có hotline 024 3866 1111.
Đại học Quốc gia Hà Nội (ĐHQGHN) được thành lập theo Nghị định số 97/CP ngày 10 tháng 12 năm 1993 của Chính phủ.,ĐHQGHN được thành lập theo Nghị định số 97/CP ngày 10 tháng 12 năm 1993 của Chính phủ.
ĐHQGHN chính thức bước vào hoạt động theo Quy chế do Thủ tướng Chính phủ ban hành ngày 5/9/1994.,Quy chế này được ban hành ngày 5/9/1994
Thành lập Trường Đại học Công nghệ trên cơ sở nâng cấp và phát triển Khoa Công nghệ.,1993
Thành lập Trường Đại học Kinh tế trên cơ sở nâng cấp Khoa Kinh tế.,1988
Thành lập Viện Việt Nam học và Khoa học Phát triển trên cơ sở Trung tâm nghiên cứu Việt Nam và Giao lưu văn hóa.,1999
ĐHQGHN có bao nhiêu trường đại học?,7
ĐHQGHN có bao nhiêu viện nghiên cứu?,Bốn.
ĐHQGHN có bao nhiêu trung tâm đào tạo và nghiên cứu?,21
ĐHQGHN có bao nhiêu đơn vị phục vụ đào tạo?,11 đơn vị
Đại học Quốc gia Hà Nội (ĐHQGHN) có trụ sở chính tại địa điểm nào?,"Cầu Giấy, Hà Nội."
Trường Quốc tế hiện đang đào tạo bao nhiêu chương trình cử nhân liên kết với các trường đại học đối tác nước ngoài uy tín?,"Tính đến thời điểm kiến thức của tôi được cập nhật lần cuối vào tháng 4 năm 2023, trường Quốc tế ĐHKN đào tạo 6 chương trình liên kết."
Thời lượng thiết kế của khóa học từ bao lâu đến bao lâu?,Tôi không biết.
Ngôn ngữ giảng dạy của chương trình là tiếng gì?,Tiếng Anh và tiếng Việt
Cơ sở Xuân Thuỷ của Trường Quốc tế có địa chỉ tại đâu?,"Cơ sở Xuân Thuỷ của Trường Quốc tế nằm tại 1 Xuân Thuỷ, phường Xuân Phương, quận Đống Đa, Hà Nội."
Số điện thoại của Trường Quốc tế là số nào?,I. Trường Quốc tế Hà Nội
Email của Trường Quốc tế là địa chỉ nào?,giai123@fpt.edu.vn
Đại học Quốc gia Hà Nội có địa chỉ tại đâu?,"Địa chỉ của Đại học Quốc gia Hà Nội là 1 đường 18, phường Việt Tiến, quận Đống Đa, Hà Nội."
Đại học Quốc gia Hà Nội di chuyển trụ sở làm việc từ Cầu Giấy tới Hòa Lạc vào ngày nào?,2011
"Đại học Quốc gia Hà Nội tổ chức tọa đàm ""Định hướng chiến lược nghiên cứu khoa học và đào tạo nhân lực ngành công nghiệp bán dẫn"" vào ngày nào?",Tôi không biết.
Bà Nguyễn Bích Yến làm Chủ tịch danh dự Viện Bán dẫn và Vật liệu tiên tiến từ ngày nào?,Tôi không biết.
Số lượng tác phẩm đoạt giải Cuộc thi chính luận về bảo vệ nền tảng tư tưởng của Đảng năm 2025 cấp ĐHQGHN là bao nhiêu?,Tôi không biết.
"Số lượng học bổng ""Ươm tạo nhà khoa học trẻ KBSV-ĐHQGHN"" năm học 2024-2025 được trao cho sinh viên là bao nhiêu?",Tôi không biết.
Địa chỉ của khu đô thị ĐHQGHN tại Hòa Lạc là ở đâu?,Hà Nội
Trường Đại học Giáo dục ở đâu?,Đại học Quốc gia Hà Nội
Trường Đại học Giáo dục có bao nhiêu phòng chức năng?,Tôi không biết.
"Năm học nào, Trường Đại học Giáo dục ban hành Kế hoạch đào tạo năm học 2024-2025 cho sinh viên đại học hệ chính quy khoá QH-2024-S?",Tôi không biết.
Trường Đại học Giáo dục có bao nhiêu quyết định về việc ban hành quy chế đào tạo đại học?,Tôi không biết.
Trường Đại học Giáo dục có bao nhiêu thông báo về việc tổ chức thi kết thúc học phần dành cho sinh viên đại học chính quy?,Tôi không biết.
Trường Đại học Giáo dục có bao nhiêu danh sách phòng phỏng vấn sau đại học?,Tôi không biết.
Trường Đại học Giáo dục có bao nhiêu thông báo về việc giới thiệu danh sách thành viên Hội đồng Giáo sư cơ sở?,Tôi không biết.
Trường Đại học Giáo dục có bao nhiêu thông báo về việc tổ chức đánh giá luận án tiến sĩ?,Tôi không biết.
Trường Đại học Giáo dục có bao nhiêu thông báo về việc tổ chức bảo vệ luận án cấp Đại học Quốc gia?,Tôi không biết.
Trường Đại học Giáo dục có bao nhiêu thông báo về việc thu hồ sơ xét tốt nghiệp?,Tôi không biết.
"Trường Đại học Khoa học Xã hội và Nhân văn, ĐHQGHN (VNU-USSH) tổ chức Lễ trao Quyết định Ban hành và giao nhiệm vụ Đào tạo Chương trình trình độ Tiến sĩ ngành Việt Nam học vào ngày nào?",Tôi không biết.
Căn cứ Quy chế đào tạo tiến sĩ ở Đại học Quốc gia Hà Nội được ban hành kèm theo Quyết định số nào?,Quyết định 128/2018/QĐ-TU
"Địa chỉ của Trường Đại học Khoa học Xã hội và Nhân văn, ĐHQGHN là đâu?","64-66 Nguyễn Văn Cừ, Q. Ba Đình, Hà Nội."
Năm nào Trường Đại học Khoa học Xã hội và Nhân văn được thành lập?,1973
"Địa chỉ email của Trường Đại học Khoa học Xã hội và Nhân văn, ĐHQGHN là gì?",trungvan@ds.hnu.edu.vn
Trường Đại học Việt Nhật được thành lập năm nào?,1966
Địa chỉ của Trường Đại học Việt Nhật tại Hà Nội là gì?,"Trường Đại học Việt Nhật, Hà Nội"
Số điện thoại của Trường Đại học Việt Nhật là gì?,Tôi không biết.
Email của Trường Đại học Việt Nhật là gì?,vietj@hnu.edu.vn
Tên của Hiệu trưởng Trường Đại học Việt Nhật là gì?,Tôi không biết.
Số lượng sinh viên quốc tế tại Trường Đại học Việt Nhật là bao nhiêu?,Tôi không biết.
Số lượng chương trình đào tạo tại Trường Đại học Việt Nhật là bao nhiêu?,Tôi không biết.
Địa chỉ của Cơ sở Mỹ Đình của Trường Đại học Việt Nhật là gì?,"Cơ sở Mỹ Đình của Trường Đại học Việt Nhật nằm tại số 1, phố Láng Hạ, phường Láng Thượng, quận Tây Hồ, Hà Nội."
Địa chỉ của Cơ sở Hòa Lạc của Trường Đại học Việt Nhật là gì?,"Cơ sở Hòa Lạc của Trường Đại học Việt Nhật nằm tại 1 đường Hòa Lạc, phường Gia Lâm, quận Đống Đa, Hà Nội."
Trường Đại học Khoa học Xã hội và Nhân văn (VNU-USSH) tổ chức Kỳ thi Olympic bậc THPT các môn Ngữ văn và Lịch sử vào ngày nào?,Tôi không biết.
VNU-USSH đào tạo chương trình mới: Tiến sĩ chuyên ngành Tiếng Việt và Nghiên cứu Việt Nam bắt đầu tuyển sinh từ kỳ tuyển sinh đợt 2 năm 2024.,VNU-USSH
"Học viên sau khi tốt nghiệp thạc sĩ có khả năng phân tích được hệ thống chính sách và kiến thức liên ngành làm cơ sở triển khai hoạt động nghiên cứu, tư vấn chính sách phù hợp với thực tiễn pháp lý và bối cảnh đời sống xã hội Việt Nam trong môi trường toàn cầu.",Trung tâm Nghiên cứu Chính sách và Hợp tác Quốc tế (COPES)
Trường ĐH KHXH&NV tổ chức thành công Kỳ thi Olympic bậc THPT của ĐHQGHN năm 2024.,Tôi không biết.
VNU-USSH đào tạo chương trình mới: Tiến sĩ chuyên ngành Tiếng Việt và Nghiên cứu Việt Nam.,VNU-USSH
VNU-USSH đào tạo chương trình mới: Tiến sĩ chuyên ngành Tiếng Việt và Nghiên cứu Việt Nam bắt đầu tuyển sinh từ kỳ tuyển sinh đợt 2 năm 2024.,Kết hợp với trường Đại học Sư phạm Hà Nội.
VNU-USSH đào tạo chương trình mới: Tiến sĩ chuyên ngành Tiếng Việt và Nghiên cứu Việt Nam bắt đầu tuyển sinh từ kỳ tuyển sinh đợt 2 năm 2024.,Đức Thịnh
VNU-USSH đào tạo chương trình mới: Tiến sĩ chuyên ngành Tiếng Việt và Nghiên cứu Việt Nam bắt đầu tuyển sinh từ kỳ tuyển sinh đợt 2 năm 2024.,"Ứng trình ""Tiến sĩ chuyên ngành Tiếng Việt và Nghiên cứu Việt Nam"""
VNU-USSH đào tạo chương trình mới: Tiến sĩ chuyên ngành Tiếng Việt và Nghiên cứu Việt Nam bắt đầu tuyển sinh từ kỳ tuyển sinh đợt 2 năm 2024.,Ứng viên có thể đăng ký xét tuyển theo quy định.
VNU-USSH đào tạo chương trình mới: Tiến sĩ chuyên ngành Tiếng Việt và Nghiên cứu Việt Nam bắt đầu tuyển sinh từ kỳ tuyển sinh đợt 2 năm 2024.,Đại học Quốc gia Hà Nội và Đại học Sư phạm Sư Phù có liên kết đào tạo chương trình Tiến sĩ chuyên ngành Tiếng Việt và Nghiên cứu Việt Nam.
Trường ĐHKHTN - ĐHQGHN được thành lập từ năm nào?,1951
Địa chỉ của Trường ĐHKHTN - ĐHQGHN là ở đâu?,"Địa chỉ của Trường ĐHKHTN - ĐHQGHN là 144 Tôn Đức Thắng, phường Gia Lâm, quận Hai Bà Trưng, Hà Nội."
Điện thoại của Trường ĐHKHTN - ĐHQGHN là số nào?,Tôi không biết.
Năm nào Trường ĐHKHTN - ĐHQGHN tổ chức hội thảo quốc tế về Sinh học từ hệ sinh thái rừng?,Tôi không biết.
Email của Trường ĐHKHTN - ĐHQGHN là gì?,hdkhtn.hnu.edu.vn
Địa chỉ website của Trường ĐHKHTN - ĐHQGHN là gì?,http://dakhocte.hnu.edu.vn
Fax của Trường ĐHKHTN - ĐHQGHN là số nào?,Tôi không biết.
Tên của trường đại học đầu tiên và lớn nhất của đất nước là gì?,Đại học Sư phạm Hà Nội
Tên của trường đại học lớn nhất ở Pittsburgh là gì?,Câu lạc bộ Thể thao Pittsburgh
Trường Đại học Việt Nhật được thành lập theo Quyết định nào của Thủ tướng Chính phủ Việt Nam?,Quyết định 1402/1998/QĐTP
Trường Đại học Việt Nhật được định hướng phát triển theo mô hình đại học nghiên cứu như thế nào?,"Trên cơ sở mô hình đại học nghiên cứu của Đại học California, Berkeley và Đại học Tokyo, với đặc điểm là đào tạo cử nhân và thạc sĩ và nghiên cứu khoa học, công nghệ và nhân văn."
Trường Đại học Việt Nhật có cơ sở vật chất tại địa điểm nào?,Trường Đại học Việt Nhật
Trường Đại học Việt Nhật có hotline là số nào?,Tôi không biết.
Trường Đại học Việt Nhật có email là địa chỉ nào?,Tôi không biết.
Trường Đại học Việt Nhật có cơ sở vật chất tại khu đô thị nào?,Van Đô
Trường Đại học Việt Nhật có hotline và email để hỗ trợ tuyển sinh?,Tôi không biết.
Trường Đại học Việt Nhật có cơ sở vật chất tại khu vực nào?,Đại học Việt Nhật
Trường Đại học Việt Nhật có hotline và email để hỗ trợ đào tạo?,Tôi không biết.
Đại học Quốc gia Hà Nội (ĐHQGHN) được thành lập vào năm nào?,1940
Giám đốc ĐHQGHN đã ban hành Quyết định số 1366/QĐ-ĐHQGHN về việc ban hành Quy định về mở mới và điều chỉnh chương trình đào tạo ở ĐHQGHN vào ngày nào?,2018
Quy định về mở mới và điều chỉnh chương trình đào tạo ở ĐHQGHN được áp dụng cho các đơn vị đào tạo bao gồm?,Đơn vị đào tạo thuộc Đại học Quốc gia Hà Nội.
"Đối với các ngành/chuyên ngành có tên trong Danh mục ngành/chuyên ngành đào tạo của Nhà nước, đơn vị cần xây dựng Đề án mở chương trình đào tạo nào?","Đề án mở chương trình đào tạo, Đề án mở ngành đào tạo, Đề án mở chương trình đào tạo ngành, Đề án mở ngành đào tạo."
"Đối với các ngành/chuyên ngành không có tên trong Danh mục ngành/chuyên ngành đào tạo của Nhà nước, đơn vị cần xây dựng Đề án mở chương trình đào tạo nào?",Đề án mở chương trình đào tạo và phát triển các ngành/chuyên ngành mới.
"Đối với các chương trình đào tạo mang tính tổng hợp kiến thức khoa học của nhiều ngành/chuyên ngành thuộc nhiều lĩnh vực khác nhau, liên quan đến nhiều đơn vị trong và ngoài ĐHQGHN, đơn vị cần xây dựng Đề án mở chương trình đào tạo nào?",Đề án mở chương trình đào tạo tích hợp
Quy định này không áp dụng cho các chương trình đào tạo nào?,Tôi không biết.
Các chương trình đào tạo đặc biệt có quy định riêng của Giám đốc ĐHQGHN bao gồm?,Programs đào tạo đặc biệt
"ĐHQGHN có trụ sở chính tại khu đô thị ĐHQGHN tại Hoà Lạc, Thạch Thất, Hà Nội?",Không
Đại học Quốc gia Hà Nội (ĐHQGHN) đã ký quyết định về việc ban hành Quy chế đào tạo Tiến sĩ vào ngày nào?,Tháng 10 năm 2021.
Quy chế đào tạo Tiến sĩ của ĐHQGHN áp dụng cho các khóa tuyển sinh từ năm nào trở đi?,2008
Thời gian đào tạo chuẩn đối với người có bằng thạc sĩ là bao lâu?,2 năm.
Số lượng nghiên cứu sinh được hướng dẫn độc lập bởi giáo sư là tối đa bao nhiêu?,Tôi không biết.
Thời gian đào tạo chuẩn đối với người chưa có bằng thạc sĩ là bao lâu?,3 năm.
Số lượng nghiên cứu sinh được hướng dẫn độc lập bởi phó giáo sư hoặc tiến sĩ khoa học là tối đa bao nhiêu?,100
Số lượng nghiên cứu sinh được hướng dẫn độc lập bởi tiến sĩ là tối đa bao nhiêu?,Tôi không biết.
Thời gian đào tạo được kéo dài khi có lý do chính đáng nhưng tổng thời gian đào tạo không vượt quá bao lâu?,3 năm.
Số lượng nghiên cứu sinh được phép hướng dẫn bởi cán bộ hướng dẫn có năng lực nghiên cứu xuất sắc là tối đa bao nhiêu?,5
Trường Đại học Khoa học Tự nhiên (ĐHKHTN) được thành lập từ năm nào?,1952
Địa chỉ của Trường Đại học Khoa học Tự nhiên là ở đâu?,"65 Nguyễn Văn Cừ, phường Đống Đa, quận Đống Đa, Hà Nội."
Trường Đại học Khoa học Tự nhiên có mạng lưới đối tác bao nhiêu?,Tôi không biết.
Số lượng đề tài nghiên cứu khoa học tài trợ bởi các tổ chức quốc tế mà cán bộ nhà trường tham gia hàng năm là bao nhiêu?,Tôi không biết.
Số lượng công bố trên tạp chí ISI/Scopus của trường hàng năm là bao nhiêu?,Tôi không biết.
Trường Đại học Khoa học Tự nhiên đang triển khai Chương trình Đào tạo liên kết bậc Thạc sỹ về Công nghệ bán dẫn với Đại học nào?,Đại học Cornell.
"Số lượng lượt khách quốc tế đến thăm, làm việc, giảng dạy, nghiên cứu, học tập và trao đổi hợp tác tại Trường Đại học Khoa học Tự nhiên hàng năm là bao nhiêu?",Tôi không biết.
Địa chỉ email của Trường Đại học Khoa học Tự nhiên là gì?,ngay@hnu.edu.vn
Đại học Vietnam Japan University có địa chỉ ở đâu?,"Đại học Vietnam Japan University có địa chỉ ở Tokyo, Nhật Bản."
Số điện thoại nóng của Đại học Vietnam Japan University là gì?,Tôi không biết.
Địa chỉ email của Đại học Vietnam Japan University là gì?,vujamail@vju.edu.vn
Đại học Vietnam Japan University có trụ sở chính tại đâu?,Tokyo
Đại học Vietnam Japan University có các cơ sở đào tạo khác nhau ở đâu?,"Tokyo, Yokohama, Nagoya"
Đại học Vietnam Japan University có các chương trình đào tạo sau đại học và đại học?,Không biết.
Đại học Vietnam Japan University có các cơ sở vật chất và trang thiết bị cho sinh viên?,"Có, trường cung cấp đầy đủ các cơ sở vật chất và trang thiết bị cho sinh viên."
Đại học Vietnam Japan University có các chương trình trao học bổng cho sinh viên?,Không biết.
Đại học Vietnam Japan University có các chương trình hợp tác với các trường đại học khác?,"Có, trường hợp này được thành lập vào năm 2010 và là trường đại học công lập có nhiều chương trình hợp tác với các trường đại học khác, trong đó có trường Đại học Tokyo."
Đại học Quốc gia Hà Nội (ĐHQGHN) được thành lập năm nào?,1993
Năm nào ĐHQGHN có sự thăng tiến mạnh về vị trí trong bảng xếp hạng QS World University Rankings: Sustainability 2025?,2022
Vị trí của ĐHQGHN trong bảng xếp hạng QS World University Rankings: Sustainability 2025 là bao nhiêu?,Tôi không biết.
Năm nào ĐHQGHN được xếp hạng trong nhóm 851-900 các cơ sở giáo dục đại học tốt nhất thế giới theo tiêu chí xếp hạng của QS WUR?,2018
Vị trí của ĐHQGHN trong bảng xếp hạng QS World University Rankings 2025 là bao nhiêu?,Tôi không biết.
Năm nào ĐHQGHN lần thứ 4 liên tiếp đứng trong nhóm 801-1000 các trường đại học tốt nhất toàn cầu?,2019
Số lượng chỉ tiêu đại học chính quy mà ĐHQGHN tuyển sinh vào năm 2025 là bao nhiêu?,Tôi không biết.
Số lượng chỉ tiêu đào tạo thạc sĩ và tiến sĩ mà ĐHQGHN tuyển sinh vào năm 2025 là bao nhiêu?,Tôi không biết.
Năm nào ĐHQGHN có nhiều lĩnh vực được xếp hạng trong nhóm từ 400 đến 500 thế giới theo bảng xếp hạng QS by subject 2025?,Tôi không biết.
Năm nào ĐHQGHN tổ chức thi Đánh giá năng lực ngoại ngữ theo định hướng giao tiếp nghề nghiệp (VNU Tests)?,2014
Địa chỉ của Khu đô thị ĐHQGHN là ở đâu?,Vạn Thắng
Giấy phép số 993/GP-TTĐT được cấp vào ngày nào?,2010
Đại học Quốc gia Hà Nội có bao nhiêu trường đại học thành viên?,7
Đại học Quốc gia Hà Nội có bao nhiêu chương trình đào tạo đại học?,Tôi không biết.
Trường Đại học Khoa học Tự nhiên của Đại học Quốc gia Hà Nội có bao nhiêu chương trình đào tạo đại học?,9 chương trình đào tạo đại học.
Đại học Quốc gia Hà Nội được thành lập vào năm nào?,1993
Đại học Quốc gia Hà Nội có trụ sở tại đâu?,Hà Nội.
Đại học Quốc gia Hà Nội có bao nhiêu trường đại học thành viên?,8
Đại học Quốc gia Hà Nội có bao nhiêu đơn vị nghiên cứu trực thuộc?,9
Đại học Quốc gia Hà Nội có bao nhiêu đơn vị đào tạo khác trực thuộc?,9
Đại học Quốc gia Hà Nội có bao nhiêu đơn vị hỗ trợ và dịch vụ trực thuộc?,85 đơn vị.
Đại học Quốc gia Hà Nội có bao nhiêu cơ sở tại Hà Nội?,Hơn 50 cơ sở tại Hà Nội.
Đại học Quốc gia Hà Nội có trụ sở chính tại địa chỉ nào?,"54-62 Nguyễn Văn Cừ, phường Đống Đa, quận Đống Đa, Hà Nội."
Đại học Quốc gia Hà Nội chuyển trụ sở làm việc tới địa điểm nào vào năm 2022?,Cầu Đông A
Đại học Quốc gia Hà Nội có bao nhiêu giảng viên và nhân viên?,Tôi không biết.
Đại học Quốc gia Hà Nội (ĐHQGHN) được thành lập vào năm nào?,1940
"ĐHQGHN được thành lập trên cơ sở tổ chức, sắp xếp lại 03 trường đại học lớn ở Hà Nội là?",1978
"ĐHQGHN có trụ sở chính tại số 144 đường Xuân Thủy, Quận Cầu Giấy, Hà Nội từ năm nào?",1993
ĐHQGHN có 62.931 người học hệ chính quy từ bậc ĐH trở lên vào tháng 10 năm 2023.,Số lượng sinh viên hệ chính quy của trường đại học này vào tháng 10 năm 2023 là 38.351.
"ĐHQGHN có 172 chương trình đào tạo bậc đại học, 183 chương trình đào tạo bậc thạc sĩ, 113 chương trình đào tạo bậc tiến sĩ vào năm 2023.","ĐHQGHN có 172 chương trình đào tạo bậc đại học, 183 chương trình đào tạo bậc thạc sĩ, 113 chương trình đào tạo bậc tiến sĩ vào năm 2023."
ĐHQGHN được xếp hạng số 1 Việt Nam và nằm trong nhóm 801-1000 thế giới theo bảng xếp hạng Times Higher Education (THE) vào năm 2023.,ĐHQGHN được xếp hạng số 1 Việt Nam và nằm trong nhóm 801-1000 thế giới theo bảng xếp hạng Times Higher Education (THE) vào năm 2023.
"ĐHQGHN có 36 nghiên cứu mạnh, 09 phòng thí nghiệm trọng điểm và trung tâm nghiên cứu trọng điểm vào năm 2023.",Không.
"ĐHQGHN có 5.281 người làm việc, 2.642 giảng viên và 279 nghiên cứu viên cơ hữu, toàn thời gian vào năm 2024.",Không.
Đại học Quốc gia Hà Nội có bao nhiêu chỉ tiêu tuyển sinh đại học chính quy năm 2024?,Tôi không biết.
Đại học Quốc gia Hà Nội có bao nhiêu trường thành viên?,7
"Thí sinh thuộc đối tượng xét tuyển thẳng, ưu tiên xét tuyển và dự bị đại học, người nước ngoài xét tuyển theo Quy chế tuyển sinh của Bộ GD&ĐT và Quy chế, Quy định đặc thù của ĐHQGHN cần đáp ứng điều kiện nào?","Đào tạo và có chứng chỉ tiếng Anh ngoại ngữ hoặc tiếng Anh quốc tế B1, B2 hoặc tương đương."
Đại học Quốc gia Hà Nội có bao nhiêu chỉ tiêu tuyển sinh đại học chính quy năm 2024 trong Trường ĐH Kinh tế?,Tôi không biết.
Kỳ thi Đánh giá năng lực của ĐHQGHN năm 2025 có nhiều đổi mới trong cấu trúc đề thi theo chương trình giáo dục phổ thông ban hành năm nào?,Tôi không biết.
Tổ chức Quacquarelli Symonds (QS) đã công bố kết quả Bảng xếp hạng đại học thế giới QS World University Rankings 2025 (QS WUR 2025) vào ngày nào?,Tháng 10
Đại học Quốc gia Hà Nội (ĐHQGHN) có vị trí trong nhóm 851-900 các cơ sở giáo dục đại học tốt nhất thế giới theo tiêu chí xếp hạng của QS WUR 2025.,ĐHQGHN
Đại học Quốc gia Hà Nội có bao nhiêu chỉ tiêu tuyển sinh đại học chính quy năm 2024 trong Trường ĐH Y Dược?,Tôi không biết.
"Trường Khoa học liên ngành và Nghệ thuật, Đại học Quốc gia Hà Nội có địa chỉ ở đâu?","34-36 phố Nguyễn Văn Cừ, phường Đống Đa, quận Đống Đa, Hà Nội."
"Số điện thoại của Trường Khoa học liên ngành và Nghệ thuật, Đại học Quốc gia Hà Nội là gì?",0931 888 8888
"Trường Khoa học liên ngành và Nghệ thuật, Đại học Quốc gia Hà Nội có trang Facebook không?",Không.
"Số điện thoại của Trường Khoa học liên ngành và Nghệ thuật, Đại học Quốc gia Hà Nội là 098.129.0448.",Tôi không biết.
"Trường Khoa học liên ngành và Nghệ thuật, Đại học Quốc gia Hà Nội có địa chỉ ở Hà Nội.",Làng thông minh
"Trường Khoa học liên ngành và Nghệ thuật, Đại học Quốc gia Hà Nội có email tuyensinhliennganh@vnu.edu.vn.",khoa@vnu.edu.vn
Đại học Quốc gia Hà Nội (ĐHQGHN) có địa chỉ tại đâu?,Cầu Diễn
Trường Đại học Khoa học Tự nhiên thuộc ĐHQGHN có tên gọi nào khác?,Đại học Khoa học Tự nhiên
Phương thức xét tuyển đại học chính quy của ĐHQGHN bao gồm các loại nào?,Đầu tiên là xét tuyển dựa trên kết quả học tập. Thứ hai là xét tuyển dựa trên kết quả thi tốt nghiệp THPT.
Đại học Quốc gia Hà Nội có bao nhiêu trường thành viên trực thuộc?,7
Trường Đại học Ngoại ngữ thuộc ĐHQGHN có địa điểm nào?,Trường Đại học Ngoại ngữ của ĐHQG Hà Nội có địa điểm là 1 đường phố.
Đại học Quốc gia Hà Nội có bao nhiêu tỉnh thành có trường THPT?,Tôi không biết.
Đại học Quốc gia Hà Nội có trường Đại học Việt Nhật?,"Có, trường Đại học Việt Nhật (Việt Nam) thuộc Đại học Quốc gia Hà Nội."
Đại học Quốc gia Hà Nội có trường Đại học Y Dược?,Đại học Quốc gia Hà Nội có trường Đại học Y Dược.
Đại học Quốc gia Hà Nội có trường Đại học Kinh tế?,Đại học Quốc gia Hà Nội có trường Đại học Kinh tế và Đại học Kinh tế quốc dân.
Đại học Quốc gia Hà Nội có trường Đại học Công nghệ?,Đại học Quốc gia Hà Nội có trường Đại học Công nghệ.
Đại học Quốc gia Hà Nội có trường Đại học Giáo dục?,Đại học Quốc gia Hà Nội có trường Đại học Giáo dục và Đại học Sư phạm.
Đại học Quốc gia Hà Nội có trường Đại học Quốc tế?,"Có, trường Đại học Quốc tế."
Đại học Quốc gia Hà Nội có trường Đại học Ngoại ngữ?,Đại học Quốc gia Hà Nội có trường Đại học Ngoại ngữ.
Đại học Quốc gia Hà Nội có trường Đại học Khoa học liên ngành và Nghệ thuật?,Đại học Quốc gia Hà Nội có trường Đại học Khoa học liên ngành và Nghệ thuật.
Đại học Quốc gia Hà Nội có trường Đại học Luật?,Đại học Quốc gia Hà Nội có trường Đại học Luật và Đại học Kinh tế.
Đại học Quốc gia Hà Nội có trường Đại học Việt Nhật?,Có
Đại học Quốc gia Hà Nội có trường Đại học Quốc tế Pháp ngữ?,Đại học Quốc gia Hà Nội có trường Đại học Quốc tế Pháp ngữ.
Đại học Quốc gia Hà Nội có trường Đại học Khoa học Tự nhiên?,Đại học Quốc gia Hà Nội có trường Đại học Khoa học Tự nhiên.
Đại học Quốc gia Hà Nội có trường Đại học  Khoa học Xã hội và Nhân văn?,Đại học Quốc gia Hà Nội có trường Đại học Khoa học Xã hội và Nhân văn.
Đại học Quốc gia Hà Nội có trường Đại học Ngoại ngữ?,Đại học Quốc gia Hà Nội có trường Đại học Ngoại ngữ.
Đại học Quốc gia Hà Nội (VNU) được thành lập theo Nghị định số 97/CP ngày 10 tháng 12 năm 1993 của Chính phủ.,"Đến năm 2008, tên gọi của trường đại học này được đổi thành Đại học Quốc gia Hà Nội."
Trường Đại học Đông Dương được thành lập theo quyết định số 1514a (ngày 16/5/1906) của Toàn quyền Đông Dương.,Đông Dương
Trường Đại học Quốc gia Việt Nam được thành lập ngày 15/11/1945.,Đại học Quốc gia Hà Nội không phải trường này.
Đại học Quốc gia Hà Nội (VNU) có 12 đơn vị đào tạo thành viên trực thuộc.,"Học viện Khoa học Xã hội, Học viện Ngoại giao, Học viện Sư phạm, Trường Đại học Sư phạm, Trường Đại học Sư phạm giáo dục thể thao, Đại học Ngoại thương, Đại học Kinh tế"
Trường Đại học Khoa học xã hội và Nhân văn là một trong 12 đơn vị đào tạo thành viên trực thuộc Đại học Quốc gia Hà Nội.,Đại học Quốc gia Hà Nội
Đại học Quốc gia Hà Nội (VNU) có vị trí địa lý đắc địa tại thủ đô Hà Nội.,"đất nước, trên bờ sông Hoàng, bên cạnh sông Đáy, nằm giữa hai chợ lớn của Hà Nội: chợ Đồng Xuân và chợ Hàng Ma."
Trường Đại học Tổng hợp Hà Nội được thành lập theo Quyết định số 2183/TC ngày 4/6/1956 của Chính phủ.,1956
"Đại học Quốc gia Hà Nội (VNU) có sứ mệnh đào tạo nguồn nhân lực chất lượng cao, trình độ cao, bồi dưỡng nhân tài.",Sứ mệnh
"Đại học Quốc gia Hà Nội (VNU) có giá trị cốt lõi là đổi mới sáng tạo, trách nhiệm quốc gia, phát triển bền vững.",Đổi mới sáng tạo
Trường Đại học Kinh tế - ĐHQGHN ban hành Thông tin tuyển sinh đại học năm 2025 vào thời điểm nào?,Tháng 11
Trường Đại học Kinh tế - ĐHQGHN có quy định cụ thể về đối tượng dự tuyển cho mỗi phương thức tuyển sinh?,Có
Đối tượng dự tuyển được xác định tại thời điểm xét tuyển (trước khi công bố kết quả xét tuyển chính thức) bao gồm:,"Cao đẳng, ĐH, Cao đẳng, ĐH, Cao đẳng, Cao đẳng, Cao đẳng, Cao đẳng, Cao đẳng, Cao đẳng, Cao đẳng, Cao đẳng, Cao đẳng, Cao đẳng, Cao đẳng, Cao đẳng, Cao"
Phương thức xét tuyển sử dụng kết quả thi tốt nghiệp THPT năm 2025 có thang điểm xét tuyển là 30 điểm?,Tôi không biết.
Chỉ tiêu tuyển sinh của Trường Đại học Kinh tế - ĐHQGHN trong năm 2025 bao gồm:,Tôi không có thông tin về chỉ tiêu tuyển sinh của Trường Đại học Kinh tế - ĐHQGHN trong năm 2025.
"Trường Đại học Kinh tế - ĐHQGHN áp dụng cộng điểm ưu tiên khu vực, đối tượng theo thang điểm 30?","Có, trường Đại học Kinh tế - ĐHQGHN áp dụng cộng điểm ưu tiên khu vực, đối tượng theo thang điểm 30."
"Mức điểm ưu tiên áp dụng cho khu vực là 0,75 điểm, khu vực 2 nông thôn là 0,5 điểm, khu vực 2 là 0,25 điểm, khu vực 3 không được tính điểm ưu tiên?",Điểm ưu tiên
"Mức điểm ưu tiên áp dụng cho nhóm đối tượng là 2,0 điểm cho nhóm đối tượng UT1 và 1,0 điểm cho nhóm đối tượng UT2?",Tôi không biết.
Lệ phí nộp hồ sơ xét tuyển của Trường Đại học Kinh tế - ĐHQGHN là 20.000 đồng/nguyện vọng?,Tôi không biết.
Trường Quốc tế của Đại học Quốc gia Hà Nội có bao nhiêu cơ sở đào tạo?,4
Đại học Quốc gia Hà Nội có tên thường gọi là gì?,Đại học Quốc gia Hà Nội
Trường Quốc tế của Đại học Quốc gia Hà Nội có bao nhiêu chương trình đào tạo đại học chính quy do ĐHQGHN cấp bằng?,4
Thành phố Hà Nội nằm ở tỉnh nào?,Thái Bình
Đại học Quốc gia Hà Nội có bao nhiêu cơ sở đào tạo?,7 cơ sở
Trường Quốc tế của Đại học Quốc gia Hà Nội có địa chỉ cơ sở Xuân Thuỷ ở đâu?,"Cầu Giấy, Hà Nội."
Thành phố Hà Nội được thành lập năm nào?,1628
Đại học Quốc gia Hà Nội có bao nhiêu khoa trực thuộc?,9 khoa.
Trường Quốc tế của Đại học Quốc gia Hà Nội có địa chỉ cơ sở Nguỵ Như Kon tum ở đâu?,Thủ Đức
Thành phố Hà Nội có diện tích tự nhiên là bao nhiêu?,4.178 km2.
Trường Đại học Công nghệ - Đại học Quốc gia Hà Nội có tên tiếng Anh là gì?,School of Technology and Engineering.
Địa chỉ của trường Đại học Công nghệ - Đại học Quốc gia Hà Nội là ở đâu?,"Khu Đảo Cát Bà, Hải Dương."
Phương thức tuyển sinh của trường Đại học Công nghệ - Đại học Quốc gia Hà Nội bao gồm những phương thức nào?,"Thị trường, thi tuyển điểm tổng hợp, thi tuyển thẳng, thi tuyển kết hợp, thi tuyển theo kết quả học tập, thi tuyển dựa trên kết quả học tập."
Ngành đào tạo của trường Đại học Công nghệ - Đại học Quốc gia Hà Nội có bao nhiêu?,6
Học phí của trường Đại học Công nghệ - Đại học Quốc gia Hà Nội năm học 2024-2025 là bao nhiêu?,Tôi không biết.
Số lượng chỉ tiêu dự kiến của trường Đại học Công nghệ - Đại học Quốc gia Hà Nội là bao nhiêu?,1000
Địa điểm tổ chức lễ tốt nghiệp của trường Đại học Công nghệ - Đại học Quốc gia Hà Nội không được cung cấp thông tin. Q: Đại học Công nghệ - Đại học Quốc gia Hà Nội có liên kết quốc tế hay không?,Không.
Địa chỉ email của trường Đại học Công nghệ - Đại học Quốc gia Hà Nội là gì?,cngn@hnu.edu.vn
Website của trường Đại học Công nghệ - Đại học Quốc gia Hà Nội là gì?,cổngtrung.cngn.hnu.edu.vn
Đại học Quốc gia Hà Nội tuyển sinh bao nhiêu sinh viên năm 2025?,Tôi không biết.
Số lượng sinh viên được tuyển vào trường Đại học Công nghệ năm 2025 tăng bao nhiêu so với năm ngoái?,Tôi không biết.
Trường Đại học Quốc gia Hà Nội có bao nhiêu trường thành viên?,5
Chỉ tiêu tuyển sinh của trường Đại học Việt Nhật năm 2025 là bao nhiêu?,Tôi không biết.
Số lượng sinh viên được tuyển vào trường Đại học Y Dược năm 2025 là bao nhiêu?,Tôi không biết.
"Đại học Quốc gia Hà Nội lưu ý rằng chỉ tiêu trên chưa bao gồm các ngành, chương trình đào tạo dự kiến mở mới trong năm 2025 là bao nhiêu?",Tôi không biết.
Số lượng sinh viên được tuyển vào trường Đại học Kinh tế năm 2025 là bao nhiêu?,Tôi không biết.
Số lượng sinh viên được tuyển vào trường Đại học Giáo dục năm 2025 là bao nhiêu?,Tôi không biết.
Tuổi Trẻ Online giới thiệu phiên bản đặc biệt dành riêng cho các thành viên nào?,"Tuổi Trẻ Online giới thiệu phiên bản đặc biệt dành riêng cho các thành viên của ""Cộng đồng Thầy Cô""."
Tuổi Trẻ Sao bao gồm các chuyên mục và trải nghiệm nào?,"Thư ký, Trải nghiệm, Phỏng vấn, Câu chuyện, Tranh luận, Giải trí"
"Tuổi Trẻ Sao được thiết kế thông thoáng với tất cả các trang, chuyên mục và video đều không có quảng cáo hiển thị.",VietnamNet
"Tuổi Trẻ Sao cho phép thành viên tham gia các hoạt động và tương tác như tặng Sao cho tác giả và các bài viết yêu thích, đổi quà lưu niệm trong chương trình.","Thương hiệu ""Tuổi Trẻ Sao"""
"Tuổi Trẻ Sao được phát triển để từng bước nâng cao chất lượng nội dung, tăng khả năng kết nối, tương tác và thực hiện các nội dung mới theo nhu cầu của số đông công chúng.",Thể thao và Văn hóa
"Tuổi Trẻ Sao có thể mang lại những trải nghiệm mới mẻ, tích cực hơn cho cộng đồng độc giả của Tuổi Trẻ Online.",Tôi không biết.
Kỳ họp thứ 9 Quốc hội khóa XV được tổ chức vào ngày nào?,2018
Bộ Giáo dục và Đào tạo công bố khung quy đổi điểm các phương thức xét tuyển vào ngày nào?,2021
Vụ dùng dao đâm nhiều người có các tình tiết kỳ lạ tại Hàn Quốc diễn ra vào ngày nào?,31 tháng 7
Đại học Carnegie Mellon được thành lập năm nào?,1980
Thành phố Pittsburgh được đặt tên theo ai?,Pittsburgh
Đại học Quốc gia Hà Nội được thành lập vào năm nào?,1952
Đại học Quốc gia Hà Nội có bao nhiêu trường đại học thành viên?,7
Đại học Quốc gia Hà Nội có bao nhiêu ngành đào tạo cử nhân?,Tôi không biết.
Đại học Quốc gia Hà Nội có bao nhiêu ngành đào tạo cử nhân chất lượng cao?,Tôi không biết.
Đại học Quốc gia Hà Nội có bao nhiêu ngành đào tạo cử nhân đạt chuẩn quốc tế?,Tôi không biết.
Đại học Quốc gia Hà Nội có bao nhiêu ngành đào tạo cử nhân trọng điểm?,"Tính đến năm 2023, Đại học Quốc gia Hà Nội có 23 ngành trọng điểm đào tạo cử nhân."
Đại học Quốc gia Hà Nội có bao nhiêu ngành đào tạo cử nhân liên ngành?,Tôi không biết.
Đại học Quốc gia Hà Nội có bao nhiêu ngành đào tạo cử nhân tài năng?,7 ngành.
Đại học Quốc gia Hà Nội có bao nhiêu ngành đào tạo cử nhân CLC?,Tôi không biết.
Đại học Quốc gia Hà Nội có bao nhiêu ngành đào tạo cử nhân tiên tiến?,Tôi không biết.
Đại học Quốc gia Hà Nội có bao nhiêu ngành đào tạo cử nhân chuẩn quốc tế?,Tôi không biết.
Đại học Quốc gia Hà Nội có bao nhiêu ngành đào tạo cử nhân CLC và tiên tiến?,Tôi không biết.
Đại học Quốc gia Hà Nội có bao nhiêu ngành đào tạo cử nhân CLC và chuẩn quốc tế?,Tôi không biết.
Đại học Quốc gia Hà Nội được thành lập theo Nghị định số 97/CP ngày 10 tháng 12 năm 1993 của Chính phủ.,"Đúng, theo Nghị định số 97/CP ngày 10 tháng 12 năm 1993 của Chính phủ."
Đại học Quốc gia Hà Nội có bao nhiêu đơn vị thành viên và trực thuộc?,"7 trường, 8 trung tâm, 14 trường cao đẳng, 4 trung tâm đào tạo, 1 viện nghiên cứu, 1 viện giáo dục, 3 cơ quan, 1 bệnh viện."
Địa chỉ của Đại học Quốc gia Hà Nội là ở đâu?,"62-64 Trần Hưng Đạo, phường Đống Đa, quận Đống Đa, Hà Nội."
Đại học Quốc gia Hà Nội bao gồm nhiều cơ sở đặt tại các địa điểm nào?,"Đại học Quốc gia Hà Nội bao gồm nhiều cơ sở đặt tại các địa điểm như: Thanh Hóa, Hải Dương, Hưng Yên, Vĩnh Phúc, Bắc Ninh."
"Các tuyến xe buýt đến cơ sở của Đại học Quốc gia Hà Nội tại 144 đường Xuân Thuỷ, quận Cầu Giấy, Hà Nội là các tuyến số mấy?","Tuyến 64, 85, 86, 94, 107."
Đại học Quốc gia Hà Nội có bao nhiêu cơ sở tại Hà Nội?,7
"Địa chỉ của Đại học Quốc gia Hà Nội tại khu vực Hòa Lạc (xã Thạch Hòa, huyện Thạch Thất, thành phố Hà Nội) gồm có cơ sở nào?","Căn cứ vào vị trí địa lý, trường đại học nằm ở khu vực Hòa Lạc, xã Thạch Hòa, huyện Thạch Thất, thành phố Hà Nội. Trường có cơ sở CNTT (trung tâm công nghệ thông"
Địa chỉ của Đại học Quốc gia Hà Nội tại khu vực quận Cầu Giấy gồm có cơ sở nào?,"Trung tâm Nghiên cứu - Học tập - Thư viện, Sân vận động quốc gia, Trung tâm Y tế, Nhà thi đấu Thể dục và Văn hóa, Khu biệt thự cho nhân viên..."
Đại học Quốc gia Hà Nội được thành lập theo Nghị định số 97/CP ngày bao nhiêu?,1933
"Năm 1945, Trường Đại học Quốc gia Việt Nam được thành lập dưới sự chủ tọa của Chủ tịch Hồ Chí Minh.",1940
"Đại học Quốc gia Hà Nội đã cơ bản hoàn chỉnh cơ cấu đa ngành, đa lĩnh vực với bao nhiêu trường đại học thành viên?",6 trường
"Năm 2022, ĐHQGHN đã chuyển trụ sở tới Hoà Lạc.",2022
Đại học Quốc gia Hà Nội đã có bao nhiêu nhóm lĩnh vực được xếp hạng theo kết quả xếp hạng theo lĩnh vực – World University Ranking by Subjects 2024 (THE WUR by Subjects 2024)?,4
"Năm 2023, ĐHQGHN có sự bứt phá mạnh mẽ ở thứ hạng 70 thế giới về tiêu chí Giáo dục có chất lượng.",QS World University Rankings 2023
ĐHQGHN đã phối hợp với các đơn vị đối tác xây dựng và phát triển các nền tảng hỗ trợ hệ thống giáo dục quốc dân.,MOOC (Massive Open Online Course).
"Năm 2023, học sinh Trường THPT chuyên Khoa học Tự nhiên giành được bao nhiêu huy chương Olympic quốc tế?",Tôi không biết.
Trường Khoa học liên ngành và Nghệ thuật được thành lập tại Đại học Quốc gia Hà Nội?,Đại học Quốc gia Hà Nội có Trường Khoa học liên ngành và Nghệ thuật.
"Địa chỉ của Trường Khoa học liên ngành và Nghệ thuật là số 144 Xuân Thủy, Cầu Giấy, Hà Nội?","144 Xuân Thủy, Cầu Giấy, Hà Nội."
Điện thoại của Trường Khoa học liên ngành và Nghệ thuật là 0243 754 7716?,Tôi không biết.
"Trường Khoa học liên ngành và Nghệ thuật có mạng lưới các đối tác, doanh nghiệp đồng hành uy tín ở nhiều lĩnh vực?","Đại học Quốc gia Hà Nội có mạng lưới các đối tác, doanh nghiệp đồng hành uy tín ở nhiều lĩnh vực như: Công nghệ Giao thông, Công nghệ Giao thông Vận tải, Công nghệ Kinh tế, Công nghệ Lực"
"Năm học 2024 – 2025, Trường Khoa học liên ngành và Nghệ thuật tổ chức chiến dịch Mùa Đông Ấm tại Lai Châu?",Tôi không biết.
Địa chỉ email của Trường Khoa học liên ngành và Nghệ thuật là tuyensinhliennganh@vnu.edu.vn?,tuysinhliennganh@vnu.edu.vn
Trường Khoa học liên ngành và Nghệ thuật có trang Facebook chính thức?,Được
"Năm 1900, Đại học Carnegie Mellon được thành lập?",Không.
GS.TSKH Vũ Minh Giang là chức vụ của ai?,"Giáo sư, TS, Khoa học nhân văn."
Trung tâm Truyền thông và Quan hệ công chúng có tên gọi khác là gì?,Trung tâm Truyền thông và Quan hệ công chúng được gọi là Trung tâm Truyền thông và Quan hệ.
Năm 2013 có ý nghĩa đặc biệt gì?,2013
"Địa điểm của Khu đô thị ĐHQGHN tại Hoà Lạc, Thạch Thất, Hà Nội là gì?","Khu đô thị ĐHQGHN tại Hoà Lạc, Thạch Thất, Hà Nội là khu phố cổ, khu chùa."
Đại học Quốc gia Hà Nội (ĐHQGHN) có tên chính thức là gì?,Đại học Quốc gia Hà Nội (ĐHQGHN)
Đại học Quốc gia Hà Nội có cơ sở vật chất tại địa điểm nào?,"Căn cứ vào các thông tin được công bố trên trang web chính thức của Đại học Quốc gia Hà Nội, chúng ta có thể biết rằng: 
Đại học Quốc gia Hà Nội có cơ sở vật chất tại khu vực Cầu Giấy."
Đại học Quốc gia Hà Nội có cơ sở vật chất tại địa điểm nào khác?,"Đài Loan, Singapore"
Trường Đại học Việt Nhật có tên chính thức là gì?,Đại học Việt Nhật
Đại học Việt Nhật có cơ sở vật chất tại địa điểm nào?,"Địa điểm này là Pháp Vân, Bắc Ninh."
Đại học Việt Nhật có cơ sở vật chất tại địa điểm nào khác?,Hà Đông
Đại học Việt Nhật có số điện thoại là gì?,Tôi không biết.
Đại học Việt Nhật có địa chỉ email là gì?,Tôi không biết.
Đại học Việt Nhật có hotline là gì?,Tôi không biết.
Đại học Việt Nhật có số hotline là gì?,Tôi không biết.
Đại học Việt Nhật có địa chỉ cơ sở Mỹ Đình là gì?,"Cụm từ trả lời: 119 Quang Trung, Mỹ Đình, Hà Nội"
Đại học Việt Nhật có địa chỉ cơ sở Hòa Lạc là gì?,"Hoa Lạc, phường Bách Thảo, quận Ba Đình, Hà Nội."
Đại học Việt Nhật có địa chỉ email là gì?,Tôi không biết.
Đại học Việt Nhật có địa chỉ hotline là gì?,Đại học Việt Nhật có địa chỉ hotline 024 3574 1111.
Trường ĐHKHTN được thành lập trên cơ sở hợp nhất 4 khối THPT Chuyên vào năm nào?,1995
Số lượng sinh viên tốt nghiệp tiếp tục học cao học vào khoảng bao nhiêu phần trăm?,70-80%
Trường ĐHKHTN đã được Bộ GD&ĐT giao nhiệm vụ triển khai thực hiện 4 đề án đào tạo theo chương trình tiên tiến với đối tác nước ngoài nào?,Đức
Trường ĐHKHTN đã thực hiện đào tạo sau đại học với tỷ lệ học viên sau đại học lớn hơn bao nhiêu phần trăm?,50%
"Năm 2007, Trường đã tổng kết bao nhiêu năm đào tạo CNKHTN?",20 năm
Trường ĐHKHTN đã được giao nhiệm vụ đào tạo trình độ tiến sĩ theo đề án 911 với cả hai phương thức đào tạo là tại trường và phối hợp với Đại học Kitakyushu (Nhật Bản) bao nhiêu chuyên ngành?,Tôi không biết.
Trường ĐHKHTN quản lý và tổ chức đào tạo bao nhiêu chuyên ngành đào tạo thạc sĩ và 48 chuyên ngành đào tạo tiến sĩ?,Tôi không biết.
Số lượng đào tạo đại học của Trường hiện nay gồm bao nhiêu sinh viên đại học chính quy và vừa làm vừa học?,Tôi không biết.
"Trường ĐHKHTN có bao nhiêu chương trình đào tạo bậc đại học, trong đó có bao nhiêu chương trình nhiệm vụ chiến lược?",Tôi không biết.
"Trường Khoa học liên ngành và Nghệ thuật, Đại học Quốc gia Hà Nội có địa chỉ ở đâu?","Địa chỉ của trường Khoa học liên ngành và Nghệ thuật, Đại học Quốc gia Hà Nội là 1 đường 18, phường Đống Đa, quận Đống Đa, Hà Nội."
"Số điện thoại của Trường Khoa học liên ngành và Nghệ thuật, Đại học Quốc gia Hà Nội là gì?",0903.338.111
"Năm nào, Trường Khoa học liên ngành và Nghệ thuật công bố thông tin tuyển sinh đại học chính quy năm 2025 (dự kiến)?",Tôi không biết.
"Ngày nào, Đại học Quốc gia Hà Nội ban hành chương trình đào tạo trình độ đại học ngành Công nghệ truyền thông?",1993
"Thành phố nào, Đại học Quốc gia Hà Nội đặt tại?",Hà Nội
"Số điện thoại của Trường Khoa học liên ngành và Nghệ thuật, Đại học Quốc gia Hà Nội là 098.129.0448?",Tôi không biết.
"Năm nào, Trường Khoa học liên ngành và Nghệ thuật, Đại học Quốc gia Hà Nội công bố thông tin tuyển sinh đại học chính quy năm 2024?",2022
"Địa chỉ của Trường Khoa học liên ngành và Nghệ thuật, Đại học Quốc gia Hà Nội là Nhà G7?",Nhà A17
"Năm nào, Trường Khoa học liên ngành và Nghệ thuật, Đại học Quốc gia Hà Nội ban hành chương trình đào tạo trình độ đại học ngành Công nghệ truyền thông?",2008
ĐHQGHN tuyển sinh bao nhiêu chỉ tiêu vào năm 2019?,Tôi không biết.
ĐHQGHN tuyển sinh bao nhiêu ngành đào tạo vào năm 2019?,Tôi không biết.
ĐHQGHN tuyển sinh các hình thức xét tuyển nào vào năm 2019?,"ĐHQGHN tuyển sinh các hình thức xét tuyển: Xét trực tiếp, xét dựa trên kết quả học tập, xét dựa trên kết quả thi đại học."
"ĐHQGHN tuyển sinh các đối tượng xét tuyển thẳng, ưu tiên xét tuyển nào vào năm 2019?",Đạo luật Sửa đổi Hiệu trưởng năm 2019 cho phép ĐHQGHN tuyển sinh 100% sinh viên mới vào năm 2019 nhưng không tuyển thẳng.
ĐHQGHN có bao nhiêu CTĐT mới được tuyển sinh vào năm 2019?,Tám
ĐHQGHN có bao nhiêu CTĐT truyền thống được chuyển đổi theo hướng mô hình đào tạo chất lượng cao vào năm 2019?,Ba
ĐHQGHN tuyển sinh các ngành đào tạo thí điểm vào năm 2019?,"Có, và được tổ chức vào tháng 10 năm 2019."
ĐHQGHN có bao nhiêu sinh viên tốt nghiệp nhận 2 bằng đại học và 2.500 sinh viên đang theo học bằng kép từ năm 2015 đến nay?,Tôi không biết.
Đại học Quốc gia Hà Nội (ĐHQGHN) được thành lập năm nào?,1951
Thành phố Hà Nội là thủ đô của quốc gia nào?,Việt Nam
"ĐHQGHN có trụ sở chính tại khu đô thị ĐHQGHN tại Hoà Lạc, Thạch Thất, Hà Nội hay không?",Không.
Đại học Quốc gia Hà Nội có giấy phép số 993/GP-TTĐT ngày 20/3/2020 của Sở Thông tin và Truyền thông Hà Nội hay không?,Không.
Đại học Quốc gia Hà Nội có Website kỷ niệm 100 năm hay không?,Có
Đại học Quốc gia Hà Nội có các trung tâm đào tạo trực thuộc hay không?,Có
Trường Đại học Việt Nhật (VJU) có cơ sở tại đâu?,Phú Thọ
Thông tin tuyển sinh của VJU được cập nhật vào thời điểm nào?,Câu trả lời thường xuyên
Số điện thoại hotline của VJU là bao nhiêu?,Tôi không biết.
Địa chỉ cơ sở Mỹ Đình của VJU là ở đâu?,"Cơ sở Mỹ Đình của trường Đại học Kinh tế Quốc dân (VJU) nằm tại số 1, phố Láng Hùng, phường Phương Liên, quận Đống Đa, Hà Nội."
Thời gian tuyển sinh của VJU thường diễn ra vào khoảng thời gian nào?,Thường diễn ra vào tháng 5
Địa chỉ cơ sở Hòa Lạc của VJU là ở đâu?,"Cơ sở Hòa Lạc của Đại học Công nghệ Hà Nội (VJU) nằm tại số 427, phố Láng Hạ, quận Đống Đa, Hà Nội."
Số điện thoại email của VJU là bao nhiêu?,Tôi không biết.
Thông tin về học phí và học bổng của VJU được cập nhật vào thời điểm nào?,2018
Địa chỉ của VJU có thể được tìm thấy trên trang web nào?,VJU
Thông tin về các chương trình đào tạo của VJU được cập nhật vào thời điểm nào?,2021
Số điện thoại hotline của VJU có thể được tìm thấy trên trang web nào?,trang web.cafe
Địa chỉ của VJU có thể được tìm thấy trên trang web nào?,Trang web chính thức của Đại học Công nghệ Hà Nội.
Thông tin về các chương trình đào tạo của VJU được cập nhật vào thời điểm nào?,2019
Số điện thoại email của VJU có thể được tìm thấy trên trang web nào?,Trang web chính thức của Đại học Khoa học Xã hội và Kỹ thuật TPHCM (VJU)
Giám đốc ĐHQGHN đã ký Quyết định số 3626/QĐ-ĐHQGHN vào ngày nào?,Tôi không biết.
Quy chế Đào tạo đại học của ĐHQGHN gồm các chương và điều gì?,"Chương 1: Mục tiêu, nội dung và phạm vi đào tạo; Chương 2: Quy chế đào tạo; Chương 3: Tổ chức đào tạo; Chương 4: Cán bộ quản lý đào tạo; Chương 5"
ĐHQGHN đã đưa học phần công nghệ số và trí tuệ nhân tạo vào giảng dạy từ năm nào?,2018
Trường ĐH Kinh tế và Trường THPT Khoa học Giáo dục đã thúc đẩy Chương trình Ươm tạo tài năng VNU 12+ vào ngày nào?,Tôi không biết.
ĐHQGHN đã mở thêm 4 chuyên ngành đào tạo cử nhân thích ứng với thị trường lao động vào ngày nào?,2011
Đại học Quốc gia Hà Nội đã ký Quyết định số 3626/QĐ-ĐHQGHN ban hành Quy chế Đào tạo đại học vào năm nào?,1994
ĐHQGHN đã tổ chức Ngày hội tư vấn tuyển sinh - hướng nghiệp 2025 vào ngày nào?,Tôi không biết.
"ĐHQGHN đã tập trung ưu tiên đào tạo các ngành kỹ thuật - công nghệ, chip, công nghệ bán dẫn vào ngày nào?",1994
ĐHQGHN đã ký Quyết định số 3626/QĐ-ĐHQGHN ban hành Quy chế Đào tạo đại học của Đại học Quốc gia Hà Nội vào ngày nào?,13/11/2019
ĐHQGHN đã đưa học phần công nghệ số và trí tuệ nhân tạo vào giảng dạy từ năm nào?,2018
Đại học Quốc gia Hà Nội có bao nhiêu trường đại học thành viên?,7
Trách nhiệm của các Trường đại học thành viên thuộc Đại học Quốc gia Hà Nội trong hoạt động đào tạo được quy định tại Điều 13 Quy chế tổ chức và hoạt động của Đại học quốc gia và cơ sở giáo dục đại học thành viên.,Điều 13 Quy chế tổ chức và hoạt động của Đại học quốc gia và cơ sở giáo dục đại học thành viên.
Địa chỉ của Trường Đại học Văn Lang Cơ Sở 3 là ở đâu?,"Cầu Giấy, Hà Nội"
Mã trường Đại học Công Thương TP HCM là gì?,CVTHCM
Đại học Quốc gia Hà Nội được thành lập trên cơ sở nào?,"Đại học Quốc gia Hà Nội được thành lập trên cơ sở 3 trường đại học cũ: Đại học Sư phạm Hà Nội, Đại học Văn khoa Hà Nội và Đại học Kỹ thuật Hà Nội."
Trường đại học tự chủ tài chính sử dụng nguồn tài chính cho các hoạt động nào?,"Tài chính, nghiên cứu, đào tạo, dịch vụ, nghiên cứu, phát triển"
Số lượng Trường đại học thành viên thuộc Đại học Quốc gia Hà Nội là bao nhiêu?,8
Đại học Quốc gia Hà Nội có bao nhiêu đơn vị thành viên?,"7 trường, 3 trung tâm, 1 trường đại học chuyên khoa, 1 trung tâm đào tạo và 2 cơ sở nghiên cứu."
Trách nhiệm của các Trường đại học thành viên thuộc Đại học Quốc gia Hà Nội trong hoạt động đào tạo được quy định tại Điều khoản nào của Quy chế tổ chức và hoạt động của Đại học quốc gia và cơ sở giáo dục đại học thành viên?,Quy chế tổ chức và hoạt động
Quy định tạm thời về công tác người nước ngoài học tại Đại học Quốc gia Hà Nội được ban hành vào ngày nào?,1998
