Doc_id,Question,Answer
39.txt,Đại học Quốc gia Hà Nội có bao nhiêu trường đại học thành viên?,"Không rõ trong tài liệu, nhưng có thể là nhiều trường đại học thành viên"
39.txt,Đại học Quốc gia Hà Nội được thành lập vào năm nào?,Không rõ trong tài liệu
39.txt,Đại học Quốc gia Hà Nội có bao nhiêu khoa trực thuộc?,Không rõ trong tài liệu
39.txt,Đại học Quốc gia Hà Nội có bao nhiêu chương trình đào tạo?,"Có nhiều chương trình đào tạo như chương trình đào tạo chuẩn, chất lượng cao, tài năng, đạt chuẩn quốc tế, ngành chính - ngành phụ, ngành kép,.."
39.txt,Đại học Quốc gia Hà Nội có bao nhiêu hình thức đào tạo?,Có hai hình thức đào tạo chính là đào tạo chính quy và đào tạo vừa làm vừa học
39.txt,Đại học Quốc gia Hà Nội có bao nhiêu nguồn kinh phí đào tạo?,"Có nguồn kinh phí từ Ngân sách nhà nước, học phí và các nguồn kinh phí hợp pháp khác"
39.txt,Đại học Quốc gia Hà Nội có bao nhiêu đơn vị đào tạo?,"Có nhiều đơn vị đào tạo như các trường đại học thành viên, các khoa và trung tâm trực thuộc có nhiệm vụ thường xuyên về đào tạo đại học"
39.txt,Đại học Quốc gia Hà Nội có bao nhiêu tiêu chuẩn đánh giá chất lượng đào tạo?,"Có nhiều tiêu chuẩn đánh giá chất lượng đào tạo như kiểm định chất lượng giáo dục, kiểm tra, đánh giá kết quả học tập, công nhận tốt nghiệp,.."
39.txt,Đại học Quốc gia Hà Nội có bao nhiêu cơ sở vật chất phục vụ công tác đào tạo?,"Có nhiều cơ sở vật chất như giảng đường, phòng thí nghiệm, thư viện, cơ sở giáo dục quốc phòng, giáo dục thể chất, cơ sở hạ tầng công nghệ thông tin,.."
39.txt,Đại học Quốc gia Hà Nội có bao nhiêu giảng viên và cán bộ nghiên cứu khoa học?,Không rõ trong tài liệu
39.txt,Đại học Quốc gia Hà Nội có bao nhiêu sinh viên theo học?,Không rõ trong tài liệu
39.txt,Đại học Quốc gia Hà Nội có bao nhiêu cơ sở đào tạo đại học có tư cách pháp nhân của nước ngoài?,Không rõ trong tài liệu
39.txt,Đại học Quốc gia Hà Nội có bao nhiêu chương trình đào tạo liên kết quốc tế?,Có nhiều chương trình
35.txt,Đại học Quốc gia Hà Nội có trụ sở tại thành phố nào?,Hà Nội
35.txt,Đại học Quốc gia Hà Nội được thành lập vào năm nào?,Không rõ
35.txt,Đại học Quốc gia Hà Nội có bao nhiêu trường đại học thành viên?,Không rõ
35.txt,"Đại học Quốc gia Hà Nội có trụ sở tại khu đô thị ĐHQGHN tại Hoà Lạc, Thạch Thất, Hà Nội từ năm nào?",Không rõ
35.txt,"Đại học Quốc gia Hà Nội có trụ sở tại khu đô thị ĐHQGHN tại Hoà Lạc, Thạch Thất, Hà Nội có giấy phép số 993/GP-TTĐT từ năm nào?",2020
35.txt,"Đại học Quốc gia Hà Nội có trụ sở tại khu đô thị ĐHQGHN tại Hoà Lạc, Thạch Thất, Hà Nội có webmaster là ai?",media@vnu.edu.vn kiemtra_spam@vnu.edu.vn
40.txt,"Đại học Quốc gia Hà Nội tổ chức Hội nghị Khoa học, công nghệ và đổi mới sáng tạo thường niên năm 2023 vào ngày nào?",15/6/2023
40.txt,ĐHQGHN xác định năm 2023 là năm đột phá về hoạt động KH&CN. Mục tiêu của năm này là gì?,"Tập trung phát triển các nghiên cứu ứng dụng, chuyển giao và thương mại hóa sản phẩm KH&CN"
40.txt,Các nhóm nghiên cứu mạnh của ĐHQGHN được ưu tiên đầu tư để đạt trình độ khu vực và quốc tế. Các lĩnh vực nghiên cứu của các nhóm này bao gồm?,"Các lĩnh vực nghiên cứu ứng dụng, chuyển giao và thương mại hóa sản phẩm KH&CN"
40.txt,"ĐHQGHN đã ban hành nhiều cơ chế, chính sách trọng dụng, đãi ngộ các nhà khoa học, tạo động lực thúc đẩy phát triển các tiềm lực KH&CN và đổi mới sáng tạo. Các chính sách này bao gồm?","Đầu tư cho phòng thí nghiệm/trung tâm nghiên cứu trọng điểm, Nhóm nghiên cứu mạnh; Hỗ trợ công bố quốc tế; Hỗ trợ cán bộ nghiên cứu trẻ; Thu hút nhà khoa học xuất sắc về làm việc tại ĐHQGHN; Hỗ trợ hợp tác song phương và đa phương cho các dự án hợp tác quốc tế lớn và cho các đối tác cùng đầu tư kinh phí; Hỗ trợ phát triển doanh nghiệp spin-off; Trao thưởng và vinh danh cho nhà khoa học xuất sắc; Thúc đẩy liên kết với doanh nghiệp/phát triển hệ sinh thái đổi mới sáng tạo"
40.txt,"ĐHQGHN đã công bố danh sách 09 phòng thí nghiệm/trung tâm nghiên cứu trọng điểm cấp ĐHQGHN giai đoạn 2023-2028, bao gồm?",09 phòng thí nghiệm/trung tâm nghiên cứu trọng điểm cấp ĐHQGHN giai đoạn 2023-
40.txt,ĐHQGHN đã công bố danh sách 30 nhóm nghiên cứu mạnh cấp ĐHQGHN bao gồm?,30 nhóm nghiên cứu mạnh cấp ĐHQGHN
40.txt,ĐHQGHN đã công bố hỗ trợ 06 nhóm nghiên cứu mạnh/phòng thí nghiệm trọng điểm nhằm phát triển sản phẩm bao gồm?,06 nhóm nghiên cứu mạnh/phòng thí nghiệm trọng điểm
21.txt,Đại học Quốc gia Hà Nội có tên gọi nào khác trước đây?,Không có thông tin cụ thể trong tài liệu về tên gọi trước đây của Đại học Quốc gia Hà Nội
21.txt,Địa điểm đặt trụ sở của Đại học Quốc gia Hà Nội là ở đâu?,"Khu đô thị ĐHQGHN tại Hoà Lạc, Thạch Thất, Hà Nội"
21.txt,Giấy phép số 993/GP-TTĐT ngày 20/3/2020 là giấy phép của cơ quan nào?,Sở Thông tin và Truyền thông Hà Nội
21.txt,Địa chỉ liên hệ của Đại học Quốc gia Hà Nội là gì?,Không có thông tin cụ thể trong tài liệu về địa chỉ liên hệ của Đại học Quốc gia Hà Nội
21.txt,"Đại học Quốc gia Hà Nội có nhiều trường trực thuộc, bao gồm các trường nào?",Không có thông tin cụ thể trong tài liệu về danh sách các trường trực thuộc của Đại học Quốc gia Hà Nội
21.txt,"Đại học Quốc gia Hà Nội có nhiều đơn vị nghiên cứu khoa học, bao gồm các đơn vị nào?",Không có thông tin cụ thể trong tài liệu về danh sách các đơn vị nghiên cứu khoa học của Đại học Quốc gia Hà Nội
21.txt,"Đại học Quốc gia Hà Nội có nhiều trung tâm đào tạo trực thuộc, bao gồm các trung tâm nào?",Không có thông tin cụ thể trong tài liệu về danh sách các trung tâm đào tạo trực thuộc của Đại học Quốc gia Hà Nội
21.txt,"Đại học Quốc gia Hà Nội có nhiều đơn vị dịch vụ và hỗ trợ, bao gồm các đơn vị nào?",Không có thông tin cụ thể trong tài liệu về danh sách các đơn vị dịch vụ và hỗ trợ của Đại học Quốc gia Hà Nội
21.txt,"Đại học Quốc gia Hà Nội có nhiều đơn vị thực hiện nhiệm vụ đặc biệt, bao gồm các đơn vị nào?",Không có thông tin cụ thể trong tài liệu về danh sách các đơn vị thực hiện nhiệm vụ đặc biệt của Đại học Quốc gia Hà Nội
21.txt,"Đại học Quốc gia Hà Nội có nhiều văn bản pháp quy, bao gồm các văn bản nào?",Không có thông tin cụ thể trong tài liệu về danh sách các văn bản pháp quy của Đại học Quốc gia Hà Nội.
18.txt,"Trường Đại học Giáo dục, Đại học Quốc gia Hà Nội được thành lập vào năm nào?",2009
18.txt,Thành phố Hà Nội là thủ đô của quốc gia nào?,Việt Nam
18.txt,Đại học Quốc gia Hà Nội có bao nhiêu trường thành viên?,6
18.txt,Khoa Sư phạm được thành lập vào ngày nào?,21/12/1999
18.txt,Hiệu trưởng Trường Đại học Giáo dục hiện tại là ai?,GS.TS. Nguyễn Quý Thanh
18.txt,Trường Đại học Giáo dục có bao nhiêu khoa?,6
18.txt,"Viện Nghiên cứu lâm sàng về xã hội, tâm lý và giáo dục được thành lập vào ngày nào?",26/09/2022
18.txt,Trường Đại học Giáo dục có bao nhiêu sinh viên sau đại học?,1066
18.txt,Trường Đại học Giáo dục có bao nhiêu giảng viên?,118
18.txt,Đại học Quốc gia Hà Nội có bao nhiêu thành viên trong ASEAN?,1
18.txt,Trường Đại học Giáo dục có bao nhiêu Phó hiệu trưởng?,2
46.txt,Trường ĐHKHTN được thành lập trên cơ sở hợp nhất 4 khối THPT Chuyên vào năm nào?,Năm 2010
46.txt,Số lượng sinh viên hệ đại học chính quy của Trường ĐHKHTN trong năm nào giữ ổn định?,Năm 2010
46.txt,Trường ĐHKHTN đã triển khai áp dụng phương thức đào tạo tín chỉ toàn phần vào năm nào?,Năm 2010
46.txt,Số lượng chuyên ngành đào tạo tiến sĩ của Trường ĐHKHTN hiện nay là bao nhiêu?,48
46.txt,Số lượng chuyên ngành đào tạo thạc sĩ của Trường ĐHKHTN hiện nay là bao nhiêu?,46
46.txt,Địa chỉ của Trường ĐHKHTN là ở đâu?,"334 Nguyễn Trãi, Thanh Xuân, Hà Nội"
46.txt,Số điện thoại của Trường ĐHKHTN là bao nhiêu?,(84) 0243-8584615 / 8581419
46.txt,Số fax của Trường ĐHKHTN là bao nhiêu?,(84) 0243-8523061
46.txt,Email của Trường ĐHKHTN là gì?,hus@vnu.edu.vn - admin@hus.edu.vn
46.txt,"Năm Trường ĐHKHTN ra đời là sự tiếp nối, kế thừa và phát huy truyền thống của Trường ĐHTH Hà Nội - Trường đại học đầu tiên và lớn nhất của đất nước là năm nào?",Hơn 55 năm trước
46.txt,Năm Trường ĐHKHTN được thành lập là năm nào?,Không rõ
46.txt,Địa chỉ của Trường ĐHKHTN là ở đâu?,334 Nguyễn Trãi - Thanh Xuân - Hà Nội
46.txt,"Số lượng sinh viên hệ cử nhân khoa học tài năng (CNKHTN) của Trường ĐHKHTN đã được ĐHQGHN, Bộ GD&ĐT và các trường đối tác nước ngoài đánh giá cao là bao nhiêu?",Không rõ
57.txt,Đại học Quốc gia Hà Nội (ĐHQGHN) có bao nhiêu chỉ tiêu tuyển sinh đại học chính quy năm 2024?,18.000
57.txt,ĐHQGHN tuyển sinh trên phạm vi cả nước và quốc tế vào bao nhiêu ngành/CTĐT?,148
57.txt,"Năm 2024, ĐHQGHN mở bao nhiêu CTĐT mới?",07
57.txt,ĐHQGHN có bao nhiêu chỉ tiêu tuyển sinh bằng kép năm 2024?,875
57.txt,Thời gian xét tuyển đợt 1 của ĐHQGHN dự kiến là bao giờ?,Trước 17h 00 ngày 19/8/2024
57.txt,Thí sinh trúng tuyển (đợt 1) nhập học trước 17h 00 ngày 27/8/2024,Có thời gian cụ thể theo thông báo của các đơn vị đào tạo
57.txt,Địa chỉ trang thông tin điện tử của ĐHQGHN là gì?,http://vnu.edu.vn
57.txt,Địa chỉ trang mạng xã hội của ĐHQGHN là gì?,https://www.facebook.com/VNU.DHQG
57.txt,Số điện thoại liên hệ của ĐHQGHN là gì?,0243.7547.670 (máy lẻ 432)
57.txt,ĐHQGHN có bao nhiêu sinh viên đang học tại các đơn vị đào tạo theo hình thức đào tạo chính quy?,55.685
56.txt,Trường Đại học Khoa học Xã hội và Nhân văn (ĐHQGHN) được thành lập vào năm nào?,Năm 1945
56.txt,Số lượng chương trình đào tạo tại Trường Đại học Khoa học Xã hội và Nhân văn (ĐHQGHN) là bao nhiêu?,95
56.txt,"Số lượng quốc gia có trường Đại học, Trung tâm nghiên cứu khoa học và tổ chức Giáo dục hợp tác với Trường Đại học Khoa học Xã hội và Nhân văn (ĐHQGHN) là bao nhiêu?",30
56.txt,"Số lượng cán bộ, sinh viên học tập, nghiên cứu, trao đổi quốc tế tại Trường Đại học Khoa học Xã hội và Nhân văn (ĐHQGHN) là khoảng bao nhiêu?",~200
56.txt,Địa chỉ của Trường Đại học Khoa học Xã hội và Nhân văn (ĐHQGHN) là ở đâu?,"336 Nguyễn Trãi, Thanh Xuân Trung, Thanh Xuân, Hà Nội"
56.txt,"Số lượng sinh viên, học viên cao học và nghiên cứu sinh đang theo học tại Trường Đại học Khoa học Xã hội và Nhân văn (ĐHQGHN) là khoảng bao nhiêu?",~11.000
28.txt,Đại học Ngoại ngữ - Đại học Quốc gia Hà Nội có hệ thống nào được công bố vào năm 2019?,Cổng thông tin tuyển sinh
28.txt,Số tiền học bổng ULIS-SNHU TALENT dành cho thủ khoa được công bố là bao nhiêu?,55.800.000đ
28.txt,Địa điểm được đề cập trong học bổng ULIS-SNHU TALENT là nơi nào?,Nhật Bản hoặc Đài Loan
28.txt,Số suất học bổng được đề cập trong thông báo là bao nhiêu?,02 suất học bổng ULIS-SNHU STAR-UP và các suất học bổng khuyến học
28.txt,Địa chỉ của Trường Đại học Ngoại ngữ - Đại học Quốc gia Hà Nội là nơi nào?,Đường Phạm Văn Đồng – Quận Cầu Giấy – Hà Nội
23.txt,Kỳ thi tuyển sinh vào lớp 10 sẽ diễn ra vào ngày nào?,10-11/6
23.txt,Số học sinh lớp 9 năm học 2022-2023 tại Hà Nội là bao nhiêu?,129.210
23.txt,Tỷ lệ học sinh có cơ hội đỗ vào lớp 10 công lập tại Hà Nội năm nay chiếm bao nhiêu?,"55,7%"
23.txt,Số chỉ tiêu học sinh vào trường THPT công lập tại Hà Nội năm nay tăng thêm bao nhiêu so với năm trước?,1.000
23.txt,Kỳ nghỉ lễ 30/4 – 1/5 năm nay kéo dài bao nhiêu ngày?,4 ngày
23.txt,Số học sinh có cơ hội đỗ vào lớp 10 công lập chiếm tỷ lệ thấp nhất trong 4 năm trở lại đây là năm nào?,Năm nay
23.txt,"Số chỉ tiêu vào trường THPT công lập tự chủ và tư thục, trung tâm GDNN - GDTX và các cơ sở giáo dục nghề nghiệp tại Hà Nội là bao nhiêu?",Số còn lại sau khi trừ số học sinh vào trường THPT công lập
68.txt,Trường Khoa học liên ngành và Nghệ thuật - Đại học Quốc gia Hà Nội có địa chỉ ở đâu?,"Nhà G7, Đại học Quốc gia Hà Nội, số 144 Xuân Thủy, Cầu Giấy, Hà Nội"
68.txt,Số điện thoại của Trường Khoa học liên ngành và Nghệ thuật - Đại học Quốc gia Hà Nội là?,0243 754 7716 | 0981290448
68.txt,Email của Trường Khoa học liên ngành và Nghệ thuật - Đại học Quốc gia Hà Nội là?,tuyensinhliennganh@vnu.edu.vn
68.txt,Đại học Quốc gia Hà Nội có tên viết tắt là?,VNU
68.txt,Trường Khoa học liên ngành và Nghệ thuật - Đại học Quốc gia Hà Nội có trang Facebook là?,"Trường Khoa học liên ngành và Nghệ thuật, Đại học Quốc gia Hà Nội"
68.txt,Số năm thành lập của Đại học Carnegie Mellon là?,1900
68.txt,Địa điểm tổ chức của Trường Khoa học liên ngành và Nghệ thuật - Đại học Quốc gia Hà Nội là?,"Nhà G7, Đại học Quốc gia Hà Nội"
68.txt,Số điện thoại liên hệ của Trường Khoa học liên ngành và Nghệ thuật - Đại học Quốc gia Hà Nội là?,0243 754 7716 | 0981290448
15.txt,Đại học Quốc gia Hà Nội có tên tiếng Anh là gì?,Vietnam National University Hanoi (VNU)
15.txt,Địa chỉ của Trường Đại học Quốc gia Hà Nội là ở đâu?,"144 đường Xuân Thủy, Quận Cầu Giấy, Hà Nội"
15.txt,Thời gian xét tuyển đợt 1 của Trường Đại học Quốc gia Hà Nội là từ khi nào đến khi nào?,Từ ngày 24/9/2020 đến trước 17h00 ngày 26/9/2020
15.txt,Hồ sơ xét tuyển của Trường Đại học Quốc gia Hà Nội bao gồm những giấy tờ nào?,"2 phiếu xét tuyển học bạ, bản photo 2 mặt Chứng minh thư hoặc thẻ căn cước công dân, 2 ảnh 4×6, 2 phong bì dán sẵn tem và ghi rõ địa chỉ liên lạc của thí sinh"
15.txt,Trường Đại học Quốc gia Hà Nội tuyển sinh trong phạm vi cả nước và quốc tế?,Có
15.txt,Phương thức xét tuyển của Trường Đại học Quốc gia Hà Nội bao gồm những phương thức nào?,"Xét tuyển thẳng, ưu tiên xét tuyển theo Quy chế tuyển sinh của Bộ Giáo Dục và Đào tạo và Quy định đặc thù của trường, xét tuyển dựa trên kết quả thi tốt nghiệp Trung học phổ thông năm 2020 và các phương thức khác (SAT, A-LEVEL, IELTS)"
15.txt,Chỉ tiêu tuyển sinh của Trường Đại học Quốc gia Hà Nội năm 2020 là khoảng bao nhiêu?,10.320
15.txt,Học phí dự kiến của Trường Đại học Quốc gia Hà Nội đối với sinh viên chính quy chuẩn là bao nhiêu?,"Từ 9,8 – 14,3 triệu đồng/năm/sinh viên"
15.txt,Thời gian xét tuyển đợt bổ sung của Trường Đại học Quốc gia Hà Nội dự kiến từ khi nào đến khi nào?,Dự kiến từ ngày 03/10/2020
15.txt,"Trường Đại học Quốc gia Hà Nội xét tuyển thẳng, ưu tiên xét tuyển cho những đối tượng nào?","Học sinh Trung học Phổ thông chuyên thuộc Đại học Quốc Gia Hà Nội, học sinh Trung học Phổ thông chuyên của các trường Trung học Phổ thông cấp tỉnh, thành phố trực thuộc trung ương, học sinh không chuyên của các trường Trung học Phổ thông thuộc ĐHQ"
34.txt,Đại học Quốc gia Hà Nội (ĐHQGHN) được thành lập vào năm nào?,Không có thông tin cụ thể về năm thành lập trong tài liệu
34.txt,Đại học Quốc gia Hà Nội có bao nhiêu trường đại học thành viên?,Không có thông tin cụ thể về số lượng trường đại học thành viên trong tài liệu
34.txt,Website kỷ niệm 100 năm ĐHQGHN được ra mắt vào năm nào?,Không có thông tin cụ thể về năm ra mắt trong tài liệu
34.txt,"Đại học Quốc gia Hà Nội có trụ sở chính tại khu đô thị ĐHQGHN tại Hoà Lạc, Thạch Thất, Hà Nội hay không?",Có
34.txt,Đại học Quốc gia Hà Nội có giấy phép số 993/GP-TTĐT ngày 20/3/2020 của Sở Thông tin và Truyền thông Hà Nội hay không?,Có
34.txt,"Đại học Quốc gia Hà Nội có khu đô thị ĐHQGHN tại Hoà Lạc, Thạch Thất, Hà Nội hay không?",Có
34.txt,Đại học Quốc gia Hà Nội có trụ sở chính tại Hà Nội hay không?,Có
34.txt,Đại học Quốc gia Hà Nội có nhiều cơ sở tại Hà Nội hay không?,Có
34.txt,"Đại học Quốc gia Hà Nội có nhiều cơ sở tại khu đô thị ĐHQGHN tại Hoà Lạc, Thạch Thất, Hà Nội hay không?",Có
30.txt,"Trường Đại học Khoa học Xã hội và Nhân văn, ĐHQGHN thông báo kế hoạch tuyển sinh đại học hệ chính quy các chương trình đào tạo (CTĐT) ngành thứ hai năm 2024 (đợt 2) vào ngày nào?",8/11/2024
30.txt,Kỳ thi Olympic bậc THPT của Đại học Quốc gia Hà Nội cho các môn Ngữ văn và Lịch sử diễn ra vào ngày nào?,27/10/2024
30.txt,Vị trí Quán quân của Vòng Chung kết “Đại sứ Văn hóa Du lịch sinh viên năm 2024” là ai?,Vi Thị Thuỳ Trang
30.txt,"Chương trình Tiến sĩ chuyên ngành Tiếng Việt và Nghiên cứu Việt Nam bắt đầu tuyển sinh tại Trường Đại học Khoa học Xã hội và Nhân văn, ĐHQGHN từ kỳ tuyển sinh đợt 2 năm 2024 vào ngày nào?",28/10/2024
30.txt,"Học viên sau khi tốt nghiệp thạc sĩ có khả năng phân tích được hệ thống chính sách và kiến thức liên ngành làm cơ sở triển khai hoạt động nghiên cứu, tư vấn chính sách phù hợp với thực tiễn pháp lý và bối cảnh đời sống xã hội Việt Nam trong môi trường toàn cầu vào lĩnh vực nào?","Công tác tín ngưỡng, tôn giáo"
30.txt,Hội đồng tuyển sinh đại học chính quy năm 2024 trường Đại học Khoa học Xã hội và Nhân văn - Đại học Quốc gia Hà Nội thông báo mức điểm trúng tuyển đại học chính quy phương thức xét tuyển kết quả thi tốt nghiệp THPT (100) năm 2024 vào ngày nào?,17/8/2024
30.txt,Trường Đại học Khoa học Xã hội và Nhân văn (KHXH&NV) - Đại học Quốc gia Hà Nội thông báo kết quả thi tuyển sinh lớp 10 Trường THPT Chuyên KHXH&NV năm 2024 vào ngày nào?,12/6/2024
63.txt,Trường Đại học Việt Nhật (VJU) có trụ sở tại thành phố nào?,Hà Nội
63.txt,VJU có cơ sở thứ hai ở địa điểm nào?,"Khu đô thị Đại học Quốc gia, Hoà Lạc, Thạch Thất, Hà Nội"
63.txt,VJU có hotline nào để liên hệ?,(+84) 966 954 736 hoặc (+84) 969 638 426
63.txt,VJU có địa chỉ email nào để liên hệ?,admission@vju.ac.vn hoặc info@vju.ac.vn
63.txt,VJU có cơ sở thứ hai ở địa điểm nào?,"Trường Đại học Việt Nhật, Khu đô thị Đại học Quốc gia, Hoà Lạc, Thạch Thất, Hà Nội"
63.txt,VJU có hotline nào để liên hệ?,(+84) 966 954 736 hoặc (+84) 969 638 426
63.txt,VJU có địa chỉ email nào để liên hệ?,admission@vju.ac.vn hoặc info@vju.ac.vn
63.txt,"VJU có trụ sở tại đường Lưu Hữu Phước, Cầu Diễn, Nam Từ Liêm, Hà Nội.",Có
63.txt,VJU có hotline nào để liên hệ?,(+84) 966 954 736 hoặc (+84) 969 638 426
63.txt,VJU có địa chỉ email nào để liên hệ?,admission@vju.ac.vn hoặc info@vju.ac.vn
63.txt,"VJU có trụ sở tại đường Lưu Hữu Phước, Cầu Diễn, Nam Từ Liêm, Hà Nội.",Có
63.txt,VJU có hotline nào để liên hệ?,(+84) 966 954 736 hoặc (+84) 969 638 426
63.txt,VJU có địa chỉ email nào để liên hệ?,admission@vju.ac.vn hoặc info@vju.ac.vn
63.txt,"VJU có trụ sở tại đường Lưu Hữu Phước, Cầu Diễn, Nam Từ Liêm, Hà Nội.",Có
63.txt,VJU có hotline nào để liên hệ?,(+84) 966 954 736 hoặc (+84) 969
2.txt,Đại học Quốc gia Hà Nội (ĐHQGHN) được thành lập theo Nghị định số 97/CP ngày 10 tháng 12 năm 1993 của Chính phủ.,1993
2.txt,ĐHQGHN chính thức bước vào hoạt động theo Quy chế do Thủ tướng Chính phủ ban hành ngày 5/9/1994.,5/9/1994
2.txt,Thành lập Trường Đại học Công nghệ trên cơ sở nâng cấp và phát triển Khoa Công nghệ.,2004
2.txt,Thành lập Trường Đại học Kinh tế trên cơ sở nâng cấp Khoa Kinh tế.,2007
2.txt,Thành lập Viện Việt Nam học và Khoa học Phát triển trên cơ sở Trung tâm nghiên cứu Việt Nam và Giao lưu văn hóa.,2004
2.txt,ĐHQGHN có bao nhiêu trường đại học?,6
2.txt,ĐHQGHN có bao nhiêu viện nghiên cứu?,4
2.txt,ĐHQGHN có bao nhiêu trung tâm đào tạo và nghiên cứu?,10
2.txt,ĐHQGHN có bao nhiêu đơn vị phục vụ đào tạo?,10
2.txt,Đại học Quốc gia Hà Nội (ĐHQGHN) có trụ sở chính tại địa điểm nào?,"Hoà Lạc, Thạch Thất, Hà Nội"
12.txt,Trường Quốc tế hiện đang đào tạo bao nhiêu chương trình cử nhân liên kết với các trường đại học đối tác nước ngoài uy tín?,3
12.txt,Thời lượng thiết kế của khóa học từ bao lâu đến bao lâu?,"3,5 đến 4 năm"
12.txt,Ngôn ngữ giảng dạy của chương trình là tiếng gì?,tiếng Anh
12.txt,Cơ sở Xuân Thuỷ của Trường Quốc tế có địa chỉ tại đâu?,"144 Xuân Thủy, Cầu Giấy, Hà Nội"
12.txt,Số điện thoại của Trường Quốc tế là số nào?,024.3557.5992
12.txt,Email của Trường Quốc tế là địa chỉ nào?,truongquocte@vnuis.edu.vn
12.txt,Đại học Quốc gia Hà Nội có địa chỉ tại đâu?,"Khu Đô thị đại học, Đại học Quốc gia Hà Nội tại Hoà Lạc, Hà Nội"
12.txt,"Số lượng học giả, cố vấn danh tiếng từ các trường đại học hàng đầu được Trường Quốc tế thu hút là bao nhiêu?","không rõ ràng, không có thông tin cụ thể về số lượng trong tài liệu"
0.txt,Đại học Quốc gia Hà Nội di chuyển trụ sở làm việc từ Cầu Giấy tới Hòa Lạc vào ngày nào?,19/5/2025
0.txt,"Đại học Quốc gia Hà Nội tổ chức tọa đàm ""Định hướng chiến lược nghiên cứu khoa học và đào tạo nhân lực ngành công nghiệp bán dẫn"" vào ngày nào?",18 & 19/5/2025
0.txt,Bà Nguyễn Bích Yến làm Chủ tịch danh dự Viện Bán dẫn và Vật liệu tiên tiến từ ngày nào?,18/5/2025
0.txt,Số lượng tác phẩm đoạt giải Cuộc thi chính luận về bảo vệ nền tảng tư tưởng của Đảng năm 2025 cấp ĐHQGHN là bao nhiêu?,42
0.txt,"Số lượng học bổng ""Ươm tạo nhà khoa học trẻ KBSV-ĐHQGHN"" năm học 2024-2025 được trao cho sinh viên là bao nhiêu?",40
0.txt,Địa chỉ của khu đô thị ĐHQGHN tại Hòa Lạc là ở đâu?,"Thạch Thất, Hà Nội"
9.txt,Trường Đại học Giáo dục ở đâu?,"Nhà G7, số 144 Xuân Thủy"
9.txt,Trường Đại học Giáo dục có bao nhiêu phòng chức năng?,6 phòng chức năng
9.txt,"Năm học nào, Trường Đại học Giáo dục ban hành Kế hoạch đào tạo năm học 2024-2025 cho sinh viên đại học hệ chính quy khoá QH-2024-S?",Năm học 2024-2025
9.txt,Trường Đại học Giáo dục có bao nhiêu quyết định về việc ban hành quy chế đào tạo đại học?,Có ít nhất 2 quyết định (Quyết định số 3626/QĐ-ĐHQGHN và Quyết định số 4555/QĐ-ĐHQGHN)
9.txt,Trường Đại học Giáo dục có bao nhiêu thông báo về việc tổ chức thi kết thúc học phần dành cho sinh viên đại học chính quy?,"Có ít nhất 1 thông báo (Lịch tổ chức thi kết thúc học phần dành cho sinh viên đại học chính quy, học kỳ II năm học 2024 – 2025)"
9.txt,Trường Đại học Giáo dục có bao nhiêu danh sách phòng phỏng vấn sau đại học?,Có ít nhất 1 danh sách (Danh sách phòng phỏng vấn Sau đại học Đợt 1 năm 2025)
9.txt,Trường Đại học Giáo dục có bao nhiêu thông báo về việc giới thiệu danh sách thành viên Hội đồng Giáo sư cơ sở?,"Có ít nhất 1 thông báo (Thông báo về việc giới thiệu danh sách thành viên Hội đồng Giáo sư cơ sở Trường Đại học Giáo dục, ĐHQGHN năm 2025)"
9.txt,Trường Đại học Giáo dục có bao nhiêu thông báo về việc tổ chức đánh giá luận án tiến sĩ?,Có ít nhất 1 thông báo (Thông báo tổ chức đánh giá luận án tiến sĩ của nghiên cứu sinh Lê Phương Thúy)
9.txt,Trường Đại học Giáo dục có bao nhiêu thông báo về việc tổ chức bảo vệ luận án cấp Đại học Quốc gia?,Có ít nhất 1 thông báo (Thông báo tổ chức buổi bảo vệ luận án cấp Đại học Quốc gia của NCS Nguyễn Công Ước)
9.txt,Trường Đại học Giáo dục có bao nhiêu thông báo về việc thu hồ sơ xét tốt nghiệp?,Có ít nhất 1 thông báo
50.txt,"Trường Đại học Khoa học Xã hội và Nhân văn, ĐHQGHN (VNU-USSH) tổ chức Lễ trao Quyết định Ban hành và giao nhiệm vụ Đào tạo Chương trình trình độ Tiến sĩ ngành Việt Nam học vào ngày nào?",26/10/2024
50.txt,Căn cứ Quy chế đào tạo tiến sĩ ở Đại học Quốc gia Hà Nội được ban hành kèm theo Quyết định số nào?,3638/QĐ-ĐHQGHN
50.txt,"Địa chỉ của Trường Đại học Khoa học Xã hội và Nhân văn, ĐHQGHN là đâu?","336 Nguyễn Trãi, Thanh Xuân Trung, Thanh Xuân, Hà Nội"
50.txt,Năm nào Trường Đại học Khoa học Xã hội và Nhân văn được thành lập?,Không có thông tin cụ thể về năm thành lập trong tài liệu
50.txt,"Địa chỉ email của Trường Đại học Khoa học Xã hội và Nhân văn, ĐHQGHN là gì?",contact@ussh.edu.vn
50.txt,"Năm nào Trường Đại học Khoa học Xã hội và Nhân văn được thành lập không rõ ràng, nhưng có thể liên quan đến việc thành lập Đại học Quốc gia Hà Nội năm 1995.",1995
64.txt,Trường Đại học Việt Nhật được thành lập năm nào?,Năm 2008
64.txt,Địa chỉ của Trường Đại học Việt Nhật tại Hà Nội là gì?,"Đường Lưu Hữu Phước, Cầu Diễn, Nam Từ Liêm, Hà Nội"
64.txt,Số điện thoại của Trường Đại học Việt Nhật là gì?,(+84) 966 954 736 và (+84) 969 638 426
64.txt,Email của Trường Đại học Việt Nhật là gì?,admission@vju.ac.vn và info@vju.ac.vn
64.txt,Tên của Hiệu trưởng Trường Đại học Việt Nhật là gì?,(Không có thông tin cụ thể)
64.txt,Số lượng sinh viên quốc tế tại Trường Đại học Việt Nhật là bao nhiêu?,(Không có thông tin cụ thể)
64.txt,Số lượng chương trình đào tạo tại Trường Đại học Việt Nhật là bao nhiêu?,(Không có thông tin cụ thể)
64.txt,Địa chỉ của Cơ sở Mỹ Đình của Trường Đại học Việt Nhật là gì?,"Đường Lưu Hữu Phước, Cầu Diễn, Nam Từ Liêm, Hà Nội"
64.txt,Địa chỉ của Cơ sở Hòa Lạc của Trường Đại học Việt Nhật là gì?,"Khu đô thị Đại học Quốc gia, Hoà Lạc, Thạch Thất, Hà Nội"
45.txt,Trường Đại học Khoa học Xã hội và Nhân văn (VNU-USSH) tổ chức Kỳ thi Olympic bậc THPT các môn Ngữ văn và Lịch sử vào ngày nào?,27/10/2024
45.txt,VNU-USSH đào tạo chương trình mới: Tiến sĩ chuyên ngành Tiếng Việt và Nghiên cứu Việt Nam bắt đầu tuyển sinh từ kỳ tuyển sinh đợt 2 năm 2024.,Có
45.txt,"Học viên sau khi tốt nghiệp thạc sĩ có khả năng phân tích được hệ thống chính sách và kiến thức liên ngành làm cơ sở triển khai hoạt động nghiên cứu, tư vấn chính sách phù hợp với thực tiễn pháp lý và bối cảnh đời sống xã hội Việt Nam trong môi trường toàn cầu.",Có
45.txt,Trường ĐH KHXH&NV tổ chức thành công Kỳ thi Olympic bậc THPT của ĐHQGHN năm 2024.,Có
45.txt,VNU-USSH đào tạo chương trình mới: Tiến sĩ chuyên ngành Tiếng Việt và Nghiên cứu Việt Nam.,Có
45.txt,VNU-USSH đào tạo chương trình mới: Tiến sĩ chuyên ngành Tiếng Việt và Nghiên cứu Việt Nam bắt đầu tuyển sinh từ kỳ tuyển sinh đợt 2 năm 2024.,Có
45.txt,VNU-USSH đào tạo chương trình mới: Tiến sĩ chuyên ngành Tiếng Việt và Nghiên cứu Việt Nam bắt đầu tuyển sinh từ kỳ tuyển sinh đợt 2 năm 2024.,Có
45.txt,VNU-USSH đào tạo chương trình mới: Tiến sĩ chuyên ngành Tiếng Việt và Nghiên cứu Việt Nam bắt đầu tuyển sinh từ kỳ tuyển sinh đợt 2 năm 2024.,Có
45.txt,VNU-USSH đào tạo chương trình mới: Tiến sĩ chuyên ngành Tiếng Việt và Nghiên cứu Việt Nam bắt đầu tuyển sinh từ kỳ tuyển sinh đợt 2 năm 2024.,Có
45.txt,VNU-USSH đào tạo chương trình mới: Tiến sĩ chuyên ngành Tiếng Việt và Nghiên cứu Việt Nam bắt đầu tuyển sinh từ kỳ tuyển sinh đợt 2 năm 2024.,Có
29.txt,Trường ĐHKHTN - ĐHQGHN được thành lập từ năm nào?,"Sự tiếp nối, kế thừa và phát huy truyền thống hơn 55 của Trường ĐHTH Hà Nội"
29.txt,Địa chỉ của Trường ĐHKHTN - ĐHQGHN là ở đâu?,"334 Nguyễn Trãi, Thanh Xuân, Hà Nội"
29.txt,Điện thoại của Trường ĐHKHTN - ĐHQGHN là số nào?,(84) 0243-8584615 /
29.txt,Năm nào Trường ĐHKHTN - ĐHQGHN tổ chức hội thảo quốc tế về Sinh học từ hệ sinh thái rừng?,21/03/
29.txt,Email của Trường ĐHKHTN - ĐHQGHN là gì?,hus@vnu.edu.vn - admin@hus.edu.vn
29.txt,Địa chỉ website của Trường ĐHKHTN - ĐHQGHN là gì?,hus.edu.vn
29.txt,"Năm nào Trường ĐHKHTN - ĐHQGHN ra đời là sự tiếp nối, kế thừa và phát huy truyền thống hơn 55 của Trường ĐHTH Hà Nội?","Không rõ, nhưng Trường ĐHKHTN ra đời là sự tiếp nối, kế thừa và phát huy truyền thống hơn 55 của Trường ĐHTH Hà Nội"
29.txt,Fax của Trường ĐHKHTN - ĐHQGHN là số nào?,(84) 0243-
29.txt,Tên của trường đại học đầu tiên và lớn nhất của đất nước là gì?,Trường ĐHTH Hà Nội
29.txt,Tên của trường đại học lớn nhất ở Pittsburgh là gì?,Đại học Carnegie Mellon.
60.txt,Trường Đại học Việt Nhật được thành lập theo Quyết định nào của Thủ tướng Chính phủ Việt Nam?,Quyết định 1186/QĐ-TTg
60.txt,Trường Đại học Việt Nhật được định hướng phát triển theo mô hình đại học nghiên cứu như thế nào?,Tập trung vào hai lĩnh vực mũi nhọn là công nghệ kỹ thuật tiên tiến và khoa học liên ngành
60.txt,Trường Đại học Việt Nhật có cơ sở vật chất tại địa điểm nào?,"Đường Lưu Hữu Phước, Cầu Diễn, Nam Từ Liêm, Hà Nội và Khu đô thị Đại học Quốc gia, Hoà Lạc, Thạch Thất, Hà Nội"
60.txt,Trường Đại học Việt Nhật có hotline là số nào?,(+84) 966 954 736 (+84) 969 638 426
60.txt,Trường Đại học Việt Nhật có email là địa chỉ nào?,admission@vju.ac.vn và info@vju.ac.vn
60.txt,Trường Đại học Việt Nhật có cơ sở vật chất tại khu đô thị nào?,"Khu đô thị Đại học Quốc gia, Hoà Lạc, Thạch Thất, Hà Nội"
60.txt,Trường Đại học Việt Nhật có hotline và email để hỗ trợ tuyển sinh?,"Có, hotline (+84) 966 954 736 (+84) 969 638 426 và email admission@vju.ac.vn và info@vju.ac.vn"
60.txt,Trường Đại học Việt Nhật có cơ sở vật chất tại khu vực nào?,"Khu đô thị Đại học Quốc gia, Hoà Lạc, Thạch Thất, Hà Nội và đường Lưu Hữu Phước, Cầu Diễn, Nam Từ Liêm, Hà Nội"
60.txt,Trường Đại học Việt Nhật có hotline và email để hỗ trợ đào tạo?,"Có, hotline (+84) 966 954 736 (+84) 969 638 426 và email admission@vju.ac.vn và info@vju.ac.vn"
13.txt,Đại học Quốc gia Hà Nội (ĐHQGHN) được thành lập vào năm nào?,"1994 (không rõ trong tài liệu, nhưng theo thông tin chung)"
13.txt,Giám đốc ĐHQGHN đã ban hành Quyết định số 1366/QĐ-ĐHQGHN về việc ban hành Quy định về mở mới và điều chỉnh chương trình đào tạo ở ĐHQGHN vào ngày nào?,25/04/2012
13.txt,Quy định về mở mới và điều chỉnh chương trình đào tạo ở ĐHQGHN được áp dụng cho các đơn vị đào tạo bao gồm?,"Trường đại học thành viên, trung tâm, viện nghiên cứu, khoa trực thuộc"
13.txt,"Đối với các ngành/chuyên ngành có tên trong Danh mục ngành/chuyên ngành đào tạo của Nhà nước, đơn vị cần xây dựng Đề án mở chương trình đào tạo nào?",Chương trình đào tạo chuẩn Đại học Quốc gia Hà Nội (ĐHQGHN)
13.txt,"Đối với các ngành/chuyên ngành không có tên trong Danh mục ngành/chuyên ngành đào tạo của Nhà nước, đơn vị cần xây dựng Đề án mở chương trình đào tạo nào?",Chương trình đào tạo thí điểm
13.txt,"Đối với các chương trình đào tạo mang tính tổng hợp kiến thức khoa học của nhiều ngành/chuyên ngành thuộc nhiều lĩnh vực khác nhau, liên quan đến nhiều đơn vị trong và ngoài ĐHQGHN, đơn vị cần xây dựng Đề án mở chương trình đào tạo nào?",Chương trình đào tạo liên ngành (đã có trong Danh mục ngành/chuyên ngành đào tạo của Nhà nước) hoặc Chương trình đào tạo liên ngành thí điểm (chưa có trong Danh mục ngành/chuyên ngành đào tạo của Nhà nước)
13.txt,Quy định này không áp dụng cho các chương trình đào tạo nào?,"Chương trình đào tạo đạt chuẩn quốc tế, chương trình đào tạo liên kết quốc tế"
13.txt,Các chương trình đào tạo đặc biệt có quy định riêng của Giám đốc ĐHQGHN bao gồm?,Các chương trình đào tạo đặc biệt có quy định riêng của Giám đốc ĐHQGHN
13.txt,"ĐHQGHN có trụ sở chính tại khu đô thị ĐHQGHN tại Hoà Lạc, Thạch Thất, Hà Nội?",Có
10.txt,Đại học Quốc gia Hà Nội (ĐHQGHN) đã ký quyết định về việc ban hành Quy chế đào tạo Tiến sĩ vào ngày nào?,21/10/2022
10.txt,Quy chế đào tạo Tiến sĩ của ĐHQGHN áp dụng cho các khóa tuyển sinh từ năm nào trở đi?,2022
10.txt,Thời gian đào tạo chuẩn đối với người có bằng thạc sĩ là bao lâu?,03 năm
10.txt,Số lượng nghiên cứu sinh được hướng dẫn độc lập bởi giáo sư là tối đa bao nhiêu?,07
10.txt,Thời gian đào tạo chuẩn đối với người chưa có bằng thạc sĩ là bao lâu?,04 năm
10.txt,Số lượng nghiên cứu sinh được hướng dẫn độc lập bởi phó giáo sư hoặc tiến sĩ khoa học là tối đa bao nhiêu?,05
10.txt,Số lượng nghiên cứu sinh được hướng dẫn độc lập bởi tiến sĩ là tối đa bao nhiêu?,03
10.txt,Thời gian đào tạo được kéo dài khi có lý do chính đáng nhưng tổng thời gian đào tạo không vượt quá bao lâu?,06 năm (72 tháng)
10.txt,Số lượng nghiên cứu sinh được phép hướng dẫn bởi cán bộ hướng dẫn có năng lực nghiên cứu xuất sắc là tối đa bao nhiêu?,Không có giới hạn cụ thể
53.txt,Trường Đại học Khoa học Tự nhiên (ĐHKHTN) được thành lập từ năm nào?,"Trường ĐHKHTN ra đời là sự tiếp nối, kế thừa và phát huy truyền thống hơn 55 của Trường ĐHTH Hà Nội"
53.txt,Địa chỉ của Trường Đại học Khoa học Tự nhiên là ở đâu?,334 Nguyễn Trãi - Thanh Xuân - Hà Nội
53.txt,Trường Đại học Khoa học Tự nhiên có mạng lưới đối tác bao nhiêu?,"Trường Đại học Khoa học Tự nhiên có mạng lưới trên 350 đối tác là các Trường đại học, các viện nghiên cứu và các tập đoàn - doanh nghiệp quốc tế có uy tín ở Việt Nam và nhiều quốc gia và các vùng lãnh thổ trên toàn thế giới"
53.txt,Số lượng đề tài nghiên cứu khoa học tài trợ bởi các tổ chức quốc tế mà cán bộ nhà trường tham gia hàng năm là bao nhiêu?,Khoảng 15 đề tài nghiên cứu khoa học tài trợ bởi các tổ chức quốc tế
53.txt,Số lượng công bố trên tạp chí ISI/Scopus của trường hàng năm là bao nhiêu?,Tổng số 600 công bố
53.txt,Trường Đại học Khoa học Tự nhiên đang triển khai Chương trình Đào tạo liên kết bậc Thạc sỹ về Công nghệ bán dẫn với Đại học nào?,Đại học Quốc lập Dương Minh Giao Thông (NYCU)
53.txt,"Số lượng lượt khách quốc tế đến thăm, làm việc, giảng dạy, nghiên cứu, học tập và trao đổi hợp tác tại Trường Đại học Khoa học Tự nhiên hàng năm là bao nhiêu?",Khoảng 200 lượt khách quốc tế
53.txt,Địa chỉ email của Trường Đại học Khoa học Tự nhiên là gì?,hus@vnu.edu.vn - admin@hus.edu.vn
48.txt,Đại học Vietnam Japan University có địa chỉ ở đâu?,"Luu Huu Phuoc Road, My Dinh 1 Residential Area, Cau Dien Ward, Nam Tu Liem District, Hanoi, Vietnam và Hoa Lac, Thach That District, Ha Noi, Vietnam"
48.txt,Số điện thoại nóng của Đại học Vietnam Japan University là gì?,(+84) 966 954 736 và (+84) 969 638 426
48.txt,Địa chỉ email của Đại học Vietnam Japan University là gì?,"admission@vju.ac.vn, info@vju.ac.vn và rpcd@vju.ac.vn"
48.txt,Đại học Vietnam Japan University có trụ sở chính tại đâu?,"Hanoi, Vietnam"
48.txt,Đại học Vietnam Japan University có các cơ sở đào tạo khác nhau ở đâu?,"Hoa Lac, Thach That District, Ha Noi, Vietnam"
48.txt,Đại học Vietnam Japan University có các chương trình đào tạo sau đại học và đại học?,Có
48.txt,Đại học Vietnam Japan University có các cơ sở vật chất và trang thiết bị cho sinh viên?,Có
48.txt,Đại học Vietnam Japan University có các chương trình trao học bổng cho sinh viên?,Có
48.txt,Đại học Vietnam Japan University có các chương trình hợp tác với các trường đại học khác?,Có
16.txt,Đại học Quốc gia Hà Nội (ĐHQGHN) được thành lập năm nào?,30 năm trước khi Nghị định về ĐHQGHN được Chính phủ ban hành
16.txt,Năm nào ĐHQGHN có sự thăng tiến mạnh về vị trí trong bảng xếp hạng QS World University Rankings: Sustainability 2025?,Năm 2025
16.txt,Vị trí của ĐHQGHN trong bảng xếp hạng QS World University Rankings: Sustainability 2025 là bao nhiêu?,325 thế giới
16.txt,Năm nào ĐHQGHN được xếp hạng trong nhóm 851-900 các cơ sở giáo dục đại học tốt nhất thế giới theo tiêu chí xếp hạng của QS WUR?,Năm 2025
16.txt,Vị trí của ĐHQGHN trong bảng xếp hạng QS World University Rankings 2025 là bao nhiêu?,Trong nhóm 851-900
16.txt,Năm nào ĐHQGHN lần thứ 4 liên tiếp đứng trong nhóm 801-1000 các trường đại học tốt nhất toàn cầu?,Năm 2021
16.txt,Số lượng chỉ tiêu đại học chính quy mà ĐHQGHN tuyển sinh vào năm 2025 là bao nhiêu?,Hơn 20.000
16.txt,Số lượng chỉ tiêu đào tạo thạc sĩ và tiến sĩ mà ĐHQGHN tuyển sinh vào năm 2025 là bao nhiêu?,Hơn 3.600 (đào tạo thạc sĩ) và hơn 500 (đào tạo tiến sĩ)
16.txt,Năm nào ĐHQGHN có nhiều lĩnh vực được xếp hạng trong nhóm từ 400 đến 500 thế giới theo bảng xếp hạng QS by subject 2025?,Năm 2025
16.txt,Năm nào ĐHQGHN tổ chức thi Đánh giá năng lực ngoại ngữ theo định hướng giao tiếp nghề nghiệp (VNU Tests)?,Năm 2023
33.txt,Đại học Quốc gia Hà Nội được thành lập vào thời điểm nào?,"Không rõ trong tài liệu, nhưng có thể liên quan đến lịch sử của Đại học Quốc gia Hà Nội"
33.txt,Địa chỉ của Khu đô thị ĐHQGHN là ở đâu?,"Hoà Lạc, Thạch Thất, Hà Nội"
33.txt,Giấy phép số 993/GP-TTĐT được cấp vào ngày nào?,20/3/
33.txt,Đại học Quốc gia Hà Nội có bao nhiêu trường thành viên trực thuộc?,Không rõ trong tài liệu
33.txt,Đại học Quốc gia Hà Nội có bao nhiêu đơn vị nghiên cứu khoa học trực thuộc?,Không rõ trong tài liệu
33.txt,Đại học Quốc gia Hà Nội có bao nhiêu trung tâm đào tạo trực thuộc?,Không rõ trong tài liệu
33.txt,Đại học Quốc gia Hà Nội có bao nhiêu đơn vị dịch vụ và hỗ trợ trực thuộc?,Không rõ trong tài liệu
33.txt,Đại học Quốc gia Hà Nội có bao nhiêu đơn vị thực hiện nhiệm vụ đặc biệt trực thuộc?,Không rõ trong tài liệu
33.txt,Website kỷ niệm 100 năm Đại học Quốc gia Hà Nội là gì?,Không rõ trong tài liệu
33.txt,Ban Giám đốc của Đại học Quốc gia Hà Nội bao gồm những thành phần nào?,Không rõ trong tài liệu.
11.txt,Đại học Quốc gia Hà Nội có bao nhiêu trường đại học thành viên?,78
11.txt,Đại học Quốc gia Hà Nội có bao nhiêu chương trình đào tạo đại học?,110
11.txt,Trường Đại học Khoa học Tự nhiên của Đại học Quốc gia Hà Nội có bao nhiêu chương trình đào tạo đại học?,20
11.txt,Đại học Quốc gia Hà Nội có bao nhiêu cơ sở vật chất?,Không rõ (không có thông tin cụ thể trong tài liệu)
11.txt,Đại học Quốc gia Hà Nội có bao nhiêu đơn vị nghiên cứu khoa học?,Không rõ (không có thông tin cụ thể trong tài liệu)
11.txt,"Đại học Quốc gia Hà Nội có bao nhiêu khoa, cơ sở đào tạo?",Không rõ (không có thông tin cụ thể trong tài liệu)
11.txt,Đại học Quốc gia Hà Nội có bao nhiêu chương trình đào tạo thạc sĩ?,Không rõ (không có thông tin cụ thể trong tài liệu)
11.txt,Đại học Quốc gia Hà Nội có bao nhiêu chương trình đào tạo tiến sĩ?,Không rõ (không có thông tin cụ thể trong tài liệu)
11.txt,Đại học Quốc gia Hà Nội có bao nhiêu chương trình đào tạo liên kết?,Không rõ (không có thông tin cụ thể trong tài liệu)
11.txt,Đại học Quốc gia Hà Nội có bao nhiêu chương trình đào tạo hệ THCS và THPT?,Không rõ (không có thông tin cụ thể trong tài liệu)
3.txt,Đại học Quốc gia Hà Nội được thành lập vào năm nào?,1993
3.txt,Đại học Quốc gia Hà Nội có trụ sở tại đâu?,Hà Nội
3.txt,Đại học Quốc gia Hà Nội có bao nhiêu trường đại học thành viên?,9
3.txt,Đại học Quốc gia Hà Nội có bao nhiêu đơn vị nghiên cứu trực thuộc?,3
3.txt,Đại học Quốc gia Hà Nội có bao nhiêu đơn vị đào tạo khác trực thuộc?,5
3.txt,Đại học Quốc gia Hà Nội có bao nhiêu đơn vị hỗ trợ và dịch vụ trực thuộc?,8
3.txt,Đại học Quốc gia Hà Nội có bao nhiêu cơ sở tại Hà Nội?,7
3.txt,Đại học Quốc gia Hà Nội có trụ sở chính tại địa chỉ nào?,"144 Xuân Thủy, Cầu Giấy, Hà Nội"
3.txt,Đại học Quốc gia Hà Nội chuyển trụ sở làm việc tới địa điểm nào vào năm 2022?,Hòa Lạc
3.txt,Đại học Quốc gia Hà Nội có bao nhiêu giảng viên và nhân viên?,khoảng 4.393
42.txt,Đại học Quốc gia Hà Nội (ĐHQGHN) được thành lập vào năm nào?,1993
42.txt,"ĐHQGHN được thành lập trên cơ sở tổ chức, sắp xếp lại 03 trường đại học lớn ở Hà Nội là?","Trường Đại học Tổng hợp Hà Nội, Trường Đại học Sư phạm Hà Nội I và Trường Đại học Sư phạm Ngoại ngữ Hà Nội"
42.txt,"ĐHQGHN có trụ sở chính tại số 144 đường Xuân Thủy, Quận Cầu Giấy, Hà Nội từ năm nào?",1998
42.txt,ĐHQGHN có 62.931 người học hệ chính quy từ bậc ĐH trở lên vào tháng 10 năm 2023.,Có
42.txt,"ĐHQGHN có 172 chương trình đào tạo bậc đại học, 183 chương trình đào tạo bậc thạc sĩ, 113 chương trình đào tạo bậc tiến sĩ vào năm 2023.",Có
42.txt,ĐHQGHN được xếp hạng số 1 Việt Nam và nằm trong nhóm 801-1000 thế giới theo bảng xếp hạng Times Higher Education (THE) vào năm 2023.,Có
42.txt,"ĐHQGHN có 36 nghiên cứu mạnh, 09 phòng thí nghiệm trọng điểm và trung tâm nghiên cứu trọng điểm vào năm 2023.",Có
42.txt,"ĐHQGHN có 5.281 người làm việc, 2.642 giảng viên và 279 nghiên cứu viên cơ hữu, toàn thời gian vào năm 2024.",Có
6.txt,Đại học Quốc gia Hà Nội có bao nhiêu chỉ tiêu tuyển sinh đại học chính quy năm 2024?,18.000
6.txt,Đại học Quốc gia Hà Nội có bao nhiêu trường thành viên?,10
6.txt,"Thí sinh thuộc đối tượng xét tuyển thẳng, ưu tiên xét tuyển và dự bị đại học, người nước ngoài xét tuyển theo Quy chế tuyển sinh của Bộ GD&ĐT và Quy chế, Quy định đặc thù của ĐHQGHN cần đáp ứng điều kiện nào?","Có đủ thông tin cá nhân, hồ sơ dự tuyển theo quy định"
6.txt,Đại học Quốc gia Hà Nội có bao nhiêu chỉ tiêu tuyển sinh đại học chính quy năm 2024 trong Trường ĐH Kinh tế?,2.350
6.txt,Kỳ thi Đánh giá năng lực của ĐHQGHN năm 2025 có nhiều đổi mới trong cấu trúc đề thi theo chương trình giáo dục phổ thông ban hành năm nào?,2018
6.txt,Tổ chức Quacquarelli Symonds (QS) đã công bố kết quả Bảng xếp hạng đại học thế giới QS World University Rankings 2025 (QS WUR 2025) vào ngày nào?,5/6/2024
6.txt,Đại học Quốc gia Hà Nội (ĐHQGHN) có vị trí trong nhóm 851-900 các cơ sở giáo dục đại học tốt nhất thế giới theo tiêu chí xếp hạng của QS WUR 2025.,Có
6.txt,Đại học Quốc gia Hà Nội có bao nhiêu chỉ tiêu tuyển sinh đại học chính quy năm 2024 trong Trường ĐH Y Dược?,640
67.txt,"Trường Khoa học liên ngành và Nghệ thuật, Đại học Quốc gia Hà Nội có địa chỉ ở đâu?","Nhà G7, Đại học Quốc gia Hà Nội, số 144 Xuân Thủy, Cầu Giấy, Hà Nội"
67.txt,"Số điện thoại của Trường Khoa học liên ngành và Nghệ thuật, Đại học Quốc gia Hà Nội là gì?",0243 754 7716 | 0981290448
67.txt,"Trường Khoa học liên ngành và Nghệ thuật, Đại học Quốc gia Hà Nội có trang Facebook không?",Có
67.txt,"Số năm thành lập của Trường Khoa học liên ngành và Nghệ thuật, Đại học Quốc gia Hà Nội không được nêu trong tài liệu.",Không rõ
67.txt,Đại học Quốc gia Hà Nội có tên khác là gì?,Không rõ
67.txt,"Số điện thoại của Trường Khoa học liên ngành và Nghệ thuật, Đại học Quốc gia Hà Nội là 098.129.0448.",Có
67.txt,"Trường Khoa học liên ngành và Nghệ thuật, Đại học Quốc gia Hà Nội có địa chỉ ở Hà Nội.",Có
67.txt,"Trường Khoa học liên ngành và Nghệ thuật, Đại học Quốc gia Hà Nội có email tuyensinhliennganh@vnu.edu.vn.",Có
5.txt,Đại học Quốc gia Hà Nội (ĐHQGHN) có địa chỉ tại đâu?,"144 Xuân Thủy, Cầu Giấy, Hà Nội"
5.txt,Trường Đại học Khoa học Tự nhiên thuộc ĐHQGHN có tên gọi nào khác?,Trường Đại học Khoa học Tự nhiên
5.txt,Phương thức xét tuyển đại học chính quy của ĐHQGHN bao gồm các loại nào?,Không có thông tin cụ thể trong tài liệu
5.txt,Đại học Quốc gia Hà Nội có bao nhiêu trường thành viên trực thuộc?,Không có thông tin cụ thể trong tài liệu
5.txt,Trường Đại học Ngoại ngữ thuộc ĐHQGHN có địa điểm nào?,Không có thông tin cụ thể trong tài liệu
5.txt,Đại học Quốc gia Hà Nội có bao nhiêu tỉnh thành có trường THPT?,Không có thông tin cụ thể trong tài liệu
5.txt,Đại học Quốc gia Hà Nội có trường Đại học Việt Nhật?,Có
5.txt,Đại học Quốc gia Hà Nội có trường Đại học Y Dược?,Có
5.txt,Đại học Quốc gia Hà Nội có trường Đại học Kinh tế?,Có
5.txt,Đại học Quốc gia Hà Nội có trường Đại học Công nghệ?,Có
5.txt,Đại học Quốc gia Hà Nội có trường Đại học Giáo dục?,Có
5.txt,Đại học Quốc gia Hà Nội có trường Đại học Quốc tế?,Có
5.txt,Đại học Quốc gia Hà Nội có trường Đại học Ngoại ngữ?,Có
5.txt,Đại học Quốc gia Hà Nội có trường Đại học Khoa học liên ngành và Nghệ thuật?,Có
5.txt,Đại học Quốc gia Hà Nội có trường Đại học Luật?,Có
5.txt,Đại học Quốc gia Hà Nội có trường Đại học Việt Nhật?,Có
5.txt,Đại học Quốc gia Hà Nội có trường Đại học Quốc tế Pháp ngữ?,Có
5.txt,Đại học Quốc gia Hà Nội có trường Đại học Khoa học Tự nhiên?,Có
5.txt,Đại học Quốc gia Hà Nội có trường Đại học  Khoa học Xã hội và Nhân văn?,Có
5.txt,Đại học Quốc gia Hà Nội có trường Đại học Ngoại ngữ?,Có
17.txt,Đại học Quốc gia Hà Nội (VNU) được thành lập theo Nghị định số 97/CP ngày 10 tháng 12 năm 1993 của Chính phủ.,1993
17.txt,Trường Đại học Đông Dương được thành lập theo quyết định số 1514a (ngày 16/5/1906) của Toàn quyền Đông Dương.,1906
17.txt,Trường Đại học Quốc gia Việt Nam được thành lập ngày 15/11/1945.,1945
17.txt,Đại học Quốc gia Hà Nội (VNU) có 12 đơn vị đào tạo thành viên trực thuộc.,12
17.txt,Trường Đại học Khoa học xã hội và Nhân văn là một trong 12 đơn vị đào tạo thành viên trực thuộc Đại học Quốc gia Hà Nội.,Có
17.txt,Đại học Quốc gia Hà Nội (VNU) có vị trí địa lý đắc địa tại thủ đô Hà Nội.,Có
17.txt,Trường Đại học Tổng hợp Hà Nội được thành lập theo Quyết định số 2183/TC ngày 4/6/1956 của Chính phủ.,1956
17.txt,"Đại học Quốc gia Hà Nội (VNU) có sứ mệnh đào tạo nguồn nhân lực chất lượng cao, trình độ cao, bồi dưỡng nhân tài.",Có
17.txt,"Đại học Quốc gia Hà Nội (VNU) có giá trị cốt lõi là đổi mới sáng tạo, trách nhiệm quốc gia, phát triển bền vững.",Có
19.txt,Trường Đại học Kinh tế - ĐHQGHN ban hành Thông tin tuyển sinh đại học năm 2025 vào thời điểm nào?,29/04/2025
19.txt,Trường Đại học Kinh tế - ĐHQGHN có quy định cụ thể về đối tượng dự tuyển cho mỗi phương thức tuyển sinh?,Có
19.txt,Đối tượng dự tuyển được xác định tại thời điểm xét tuyển (trước khi công bố kết quả xét tuyển chính thức) bao gồm:,Người đã được công nhận tốt nghiệp trung học phổ thông (THPT) của Việt Nam hoặc có bằng tốt nghiệp của nước ngoài được công nhận trình độ tương đương
19.txt,Phương thức xét tuyển sử dụng kết quả thi tốt nghiệp THPT năm 2025 có thang điểm xét tuyển là 30 điểm?,Có
19.txt,Chỉ tiêu tuyển sinh của Trường Đại học Kinh tế - ĐHQGHN trong năm 2025 bao gồm:,2500 chỉ tiêu
19.txt,"Trường Đại học Kinh tế - ĐHQGHN áp dụng cộng điểm ưu tiên khu vực, đối tượng theo thang điểm 30?",Có
19.txt,"Mức điểm ưu tiên áp dụng cho khu vực là 0,75 điểm, khu vực 2 nông thôn là 0,5 điểm, khu vực 2 là 0,25 điểm, khu vực 3 không được tính điểm ưu tiên?",Có
19.txt,"Mức điểm ưu tiên áp dụng cho nhóm đối tượng là 2,0 điểm cho nhóm đối tượng UT1 và 1,0 điểm cho nhóm đối tượng UT2?",Có
19.txt,Lệ phí nộp hồ sơ xét tuyển của Trường Đại học Kinh tế - ĐHQGHN là 20.000 đồng/nguyện vọng?,Có
20.txt,Trường Quốc tế của Đại học Quốc gia Hà Nội có bao nhiêu cơ sở đào tạo?,5
20.txt,Đại học Quốc gia Hà Nội có tên thường gọi là gì?,ĐHQGHN
20.txt,Trường Quốc tế của Đại học Quốc gia Hà Nội có bao nhiêu chương trình đào tạo đại học chính quy do ĐHQGHN cấp bằng?,7
20.txt,Thành phố Hà Nội nằm ở tỉnh nào?,"Hà Nội là thủ đô và là một trong hai thành phố trực thuộc trung ương của Việt Nam, nằm ở tỉnh Hà Nội"
20.txt,Đại học Quốc gia Hà Nội có bao nhiêu cơ sở đào tạo?,Có nhiều cơ sở đào tạo
20.txt,Trường Quốc tế của Đại học Quốc gia Hà Nội có địa chỉ cơ sở Xuân Thuỷ ở đâu?,"Nhà E5 & G7, 144 Xuân Thủy, Cầu Giấy, Hà Nội"
20.txt,Thành phố Hà Nội được thành lập năm nào?,Hà Nội được thành lập năm 1010
20.txt,Đại học Quốc gia Hà Nội có bao nhiêu khoa trực thuộc?,Có nhiều khoa trực thuộc
20.txt,Trường Quốc tế của Đại học Quốc gia Hà Nội có địa chỉ cơ sở Nguỵ Như Kon tum ở đâu?,"Nhà C, E, Làng sinh viên HACINCO, 79 Ngụy Như Kon Tum, Thanh Xuân, Hà Nội"
20.txt,Thành phố Hà Nội có diện tích tự nhiên là bao nhiêu?,"923,76 km2"
7.txt,Trường Đại học Công nghệ - Đại học Quốc gia Hà Nội có tên tiếng Anh là gì?,University of Engineering and Technology (UET)
7.txt,Địa chỉ của trường Đại học Công nghệ - Đại học Quốc gia Hà Nội là ở đâu?,"Nhà E3, 144 Xuân Thủy, Cầu Giấy, Hà Nội"
7.txt,Phương thức tuyển sinh của trường Đại học Công nghệ - Đại học Quốc gia Hà Nội bao gồm những phương thức nào?,"Xét tuyển theo KQ thi THPT, xét tuyển theo SAT, A-Level, ACT, xét tuyển theo KQ thi ĐGNL (HSA) do ĐHQG tổ chức, xét tuyển thẳng, ưu tiên xét tuyển thẳng"
7.txt,Ngành đào tạo của trường Đại học Công nghệ - Đại học Quốc gia Hà Nội có bao nhiêu?,20 ngành đào tạo
7.txt,Học phí của trường Đại học Công nghệ - Đại học Quốc gia Hà Nội năm học 2024-2025 là bao nhiêu?,Vary từ 32.000.000 đến 40.000.000 đồng
7.txt,Số lượng chỉ tiêu dự kiến của trường Đại học Công nghệ - Đại học Quốc gia Hà Nội là bao nhiêu?,Vary từ 60 đến 480 chỉ tiêu
7.txt,Địa điểm tổ chức lễ tốt nghiệp của trường Đại học Công nghệ - Đại học Quốc gia Hà Nội không được cung cấp thông tin. Q: Đại học Công nghệ - Đại học Quốc gia Hà Nội có liên kết quốc tế hay không?,Có
7.txt,Địa chỉ email của trường Đại học Công nghệ - Đại học Quốc gia Hà Nội là gì?,[email protected]
7.txt,Website của trường Đại học Công nghệ - Đại học Quốc gia Hà Nội là gì?,https://uet.vnu.edu.vn/
37.txt,Đại học Quốc gia Hà Nội tuyển sinh bao nhiêu sinh viên năm 2025?,Hơn 20.000 sinh viên
37.txt,Số lượng sinh viên được tuyển vào trường Đại học Công nghệ năm 2025 tăng bao nhiêu so với năm ngoái?,940
37.txt,Trường Đại học Quốc gia Hà Nội có bao nhiêu trường thành viên?,12
37.txt,Chỉ tiêu tuyển sinh của trường Đại học Việt Nhật năm 2025 là bao nhiêu?,450
37.txt,Số lượng sinh viên được tuyển vào trường Đại học Y Dược năm 2025 là bao nhiêu?,720
37.txt,"Đại học Quốc gia Hà Nội lưu ý rằng chỉ tiêu trên chưa bao gồm các ngành, chương trình đào tạo dự kiến mở mới trong năm 2025 là bao nhiêu?",Chưa rõ (sẽ được công bố sau)
37.txt,Số lượng sinh viên được tuyển vào trường Đại học Kinh tế năm 2025 là bao nhiêu?,2.500
37.txt,Số lượng sinh viên được tuyển vào trường Đại học Giáo dục năm 2025 là bao nhiêu?,1.300
24.txt,Tuổi Trẻ Online giới thiệu phiên bản đặc biệt dành riêng cho các thành viên nào?,Tuổi Trẻ Sao
24.txt,Tuổi Trẻ Sao bao gồm các chuyên mục và trải nghiệm nào?,"Tư vấn pháp luật, Hỏi chuyện sức khỏe, Xem nhật báo sắc nét trên mạng (E-paper), Tuổi Trẻ Live"
24.txt,"Tuổi Trẻ Sao được thiết kế thông thoáng với tất cả các trang, chuyên mục và video đều không có quảng cáo hiển thị.",Có
24.txt,"Tuổi Trẻ Sao cho phép thành viên tham gia các hoạt động và tương tác như tặng Sao cho tác giả và các bài viết yêu thích, đổi quà lưu niệm trong chương trình.",Có
24.txt,"Tuổi Trẻ Sao được phát triển để từng bước nâng cao chất lượng nội dung, tăng khả năng kết nối, tương tác và thực hiện các nội dung mới theo nhu cầu của số đông công chúng.",Có
24.txt,"Tuổi Trẻ Sao có thể mang lại những trải nghiệm mới mẻ, tích cực hơn cho cộng đồng độc giả của Tuổi Trẻ Online.",Có
24.txt,Kỳ họp thứ 9 Quốc hội khóa XV được tổ chức vào ngày nào?,19-05
24.txt,Bộ Giáo dục và Đào tạo công bố khung quy đổi điểm các phương thức xét tuyển vào ngày nào?,19-05
24.txt,Ông Biden bị ung thư tuyến tiền liệt di căn xương vào ngày nào?,Không rõ
24.txt,Vụ dùng dao đâm nhiều người có các tình tiết kỳ lạ tại Hàn Quốc diễn ra vào ngày nào?,19-05
24.txt,Đại học Carnegie Mellon được thành lập năm nào?,1900
24.txt,Thành phố Pittsburgh được đặt tên theo ai?,William Pitt
24.txt,Tuổi Trẻ Online được thành lập vào năm nào?,Không rõ
38.txt,Đại học Quốc gia Hà Nội được thành lập vào năm nào?,Năm không được đề cập trong tài liệu nhưng có thể là năm 1906
38.txt,Đại học Quốc gia Hà Nội có bao nhiêu trường đại học thành viên?,Không được đề cập trong tài liệu nhưng có thể là 4 trường đại học thành viên
38.txt,Đại học Quốc gia Hà Nội có bao nhiêu ngành đào tạo cử nhân?,Có 51 ngành đào tạo cử nhân
38.txt,Đại học Quốc gia Hà Nội có bao nhiêu ngành đào tạo cử nhân chất lượng cao?,Có ít nhất 1 ngành đào tạo cử nhân chất lượng cao
38.txt,Đại học Quốc gia Hà Nội có bao nhiêu ngành đào tạo cử nhân đạt chuẩn quốc tế?,Có ít nhất 1 ngành đào tạo cử nhân đạt chuẩn quốc tế
38.txt,Đại học Quốc gia Hà Nội có bao nhiêu ngành đào tạo cử nhân trọng điểm?,Có ít nhất 1 ngành đào tạo cử nhân trọng điểm
38.txt,Đại học Quốc gia Hà Nội có bao nhiêu ngành đào tạo cử nhân liên ngành?,Có ít nhất 1 ngành đào tạo cử nhân liên ngành
38.txt,Đại học Quốc gia Hà Nội có bao nhiêu ngành đào tạo cử nhân tài năng?,Có ít nhất 1 ngành đào tạo cử nhân tài năng
38.txt,Đại học Quốc gia Hà Nội có bao nhiêu ngành đào tạo cử nhân CLC?,Có ít nhất 5 ngành đào tạo cử nhân CLC
38.txt,Đại học Quốc gia Hà Nội có bao nhiêu ngành đào tạo cử nhân tiên tiến?,Có ít nhất 1 ngành đào tạo cử nhân tiên tiến
38.txt,Đại học Quốc gia Hà Nội có bao nhiêu ngành đào tạo cử nhân chuẩn quốc tế?,Có ít nhất 2 ngành đào tạo cử nhân chuẩn quốc tế
38.txt,Đại học Quốc gia Hà Nội có bao nhiêu ngành đào tạo cử nhân CLC và tiên tiến?,Có ít nhất 1 ngành đào tạo cử nhân CLC và tiên tiến
38.txt,Đại học Quốc gia Hà Nội có bao nhiêu ngành đào tạo cử nhân CLC và chuẩn quốc tế?,Có ít nhất 2 ngành đào tạo cử nhân CLC và chuẩn quốc tế
41.txt,Đại học Quốc gia Hà Nội được thành lập theo Nghị định số 97/CP ngày 10 tháng 12 năm 1993 của Chính phủ.,1993
41.txt,Đại học Quốc gia Hà Nội có bao nhiêu đơn vị thành viên và trực thuộc?,36
41.txt,Địa chỉ của Đại học Quốc gia Hà Nội là ở đâu?,"144 đường Xuân Thuỷ, quận Cầu Giấy, Hà Nội"
41.txt,Đại học Quốc gia Hà Nội bao gồm nhiều cơ sở đặt tại các địa điểm nào?,"Hoà Lạc, Thạch Thất, Hà Nội; 334, 336 đường Nguyễn Trãi, quận Thanh Xuân, Hà Nội; 19 phố Lê Thánh Tông, quận Hoàn Kiếm, Hà Nội; 7B Bis, phường Bách Khoa, quận Hai Bà Trưng, Hà Nội"
41.txt,"Các tuyến xe buýt đến cơ sở của Đại học Quốc gia Hà Nội tại 144 đường Xuân Thuỷ, quận Cầu Giấy, Hà Nội là các tuyến số mấy?","7, 13, 14, 16, 20, 25, 26, 27, 28, 30, 32, 34, 38, 39"
41.txt,Đại học Quốc gia Hà Nội có bao nhiêu cơ sở tại Hà Nội?,8
41.txt,"Địa chỉ của Đại học Quốc gia Hà Nội tại khu vực Hòa Lạc (xã Thạch Hòa, huyện Thạch Thất, thành phố Hà Nội) gồm có cơ sở nào?","Cơ quan ĐHQGHN, Trường ĐH Giáo dục, Trường ĐH Việt Nhật, Trường ĐH Y Dược, Trung tâm Chuyển giao tri thức và Hỗ trợ khởi nghiệp, Trung tâm Thư viện và Tri thức số, Trung tâm Giáo dục Quốc phòng - An ninh, Ban Quản lý các dự án, Ban Quản lý Dự án xây dựng ĐHQGHN tại Hòa Lạc"
41.txt,Địa chỉ của Đại học Quốc gia Hà Nội tại khu vực quận Cầu Giấy gồm có cơ sở nào?,"Tòa nhà Đổi mới sáng tạo, Các trường đại học: Ngoại ngữ, Công nghệ, Kinh tế, Giáo dục, Y - Dược, Luật, Các trường và khoa trực thuộc: Trường Quản trị Kinh doanh, Trường Quốc tế, Khoa Các khoa học liên ngành, Các viện nghiên cứu: Công nghệ Thông tin, Vi sinh vật và"
4.txt,Đại học Quốc gia Hà Nội được thành lập theo Nghị định số 97/CP ngày bao nhiêu?,10.12.1993
4.txt,"Năm 1945, Trường Đại học Quốc gia Việt Nam được thành lập dưới sự chủ tọa của Chủ tịch Hồ Chí Minh.",Có đúng
4.txt,"Đại học Quốc gia Hà Nội đã cơ bản hoàn chỉnh cơ cấu đa ngành, đa lĩnh vực với bao nhiêu trường đại học thành viên?",9
4.txt,"Năm 2022, ĐHQGHN đã chuyển trụ sở tới Hoà Lạc.",Có đúng
4.txt,Đại học Quốc gia Hà Nội đã có bao nhiêu nhóm lĩnh vực được xếp hạng theo kết quả xếp hạng theo lĩnh vực – World University Ranking by Subjects 2024 (THE WUR by Subjects 2024)?,8
4.txt,"Năm 2023, ĐHQGHN có sự bứt phá mạnh mẽ ở thứ hạng 70 thế giới về tiêu chí Giáo dục có chất lượng.",Có đúng
4.txt,ĐHQGHN đã phối hợp với các đơn vị đối tác xây dựng và phát triển các nền tảng hỗ trợ hệ thống giáo dục quốc dân.,Có đúng
4.txt,"Năm 2023, học sinh Trường THPT chuyên Khoa học Tự nhiên giành được bao nhiêu huy chương Olympic quốc tế?",291
61.txt,Trường Khoa học liên ngành và Nghệ thuật được thành lập tại Đại học Quốc gia Hà Nội?,Có
61.txt,"Địa chỉ của Trường Khoa học liên ngành và Nghệ thuật là số 144 Xuân Thủy, Cầu Giấy, Hà Nội?",Có
61.txt,Điện thoại của Trường Khoa học liên ngành và Nghệ thuật là 0243 754 7716?,Có
61.txt,"Trường Khoa học liên ngành và Nghệ thuật có mạng lưới các đối tác, doanh nghiệp đồng hành uy tín ở nhiều lĩnh vực?",Có
61.txt,"Năm học 2024 – 2025, Trường Khoa học liên ngành và Nghệ thuật tổ chức chiến dịch Mùa Đông Ấm tại Lai Châu?",Có
61.txt,Địa chỉ email của Trường Khoa học liên ngành và Nghệ thuật là tuyensinhliennganh@vnu.edu.vn?,Có
61.txt,Trường Khoa học liên ngành và Nghệ thuật có trang Facebook chính thức?,Có
61.txt,"Năm 1900, Đại học Carnegie Mellon được thành lập?",Có
32.txt,Đại học Quốc gia Hà Nội được thành lập năm nào?,Năm 1906 (không rõ trong tài liệu nhưng có thể liên quan)
32.txt,GS.TSKH Vũ Minh Giang là chức vụ của ai?,Phó Giám đốc ĐHQGHN
32.txt,Trung tâm Truyền thông và Quan hệ công chúng có tên gọi khác là gì?,Không có thông tin liên quan
32.txt,Năm 2013 có ý nghĩa đặc biệt gì?,Năm 2013 là năm lần đầu tiên Luật Giáo dục đại học có hiệu lực và là năm thứ 20 ngày Chính phủ ra Quyết định thành lập ĐHQGHN
32.txt,"Địa điểm của Khu đô thị ĐHQGHN tại Hoà Lạc, Thạch Thất, Hà Nội là gì?",Hà Nội
66.txt,Đại học Quốc gia Hà Nội (ĐHQGHN) có tên chính thức là gì?,Đại học Quốc gia Hà Nội
66.txt,Đại học Quốc gia Hà Nội có cơ sở vật chất tại địa điểm nào?,"Lưu Hữu Phước, Cầu Diễn, Nam Từ Liêm, Hà Nội"
66.txt,Đại học Quốc gia Hà Nội có cơ sở vật chất tại địa điểm nào khác?,"Khu đô thị Đại học Quốc gia, Hoà Lạc, Thạch Thất, Hà Nội"
66.txt,Trường Đại học Việt Nhật có tên chính thức là gì?,Trường Đại học Việt Nhật
66.txt,Đại học Việt Nhật có cơ sở vật chất tại địa điểm nào?,"Đường Lưu Hữu Phước, Cầu Diễn, Nam Từ Liêm, Hà Nội"
66.txt,Đại học Việt Nhật có cơ sở vật chất tại địa điểm nào khác?,"Khu đô thị Đại học Quốc gia, Hoà Lạc, Thạch Thất, Hà Nội"
66.txt,Đại học Việt Nhật có số điện thoại là gì?,(+84) 966 954 736 (+84) 969 638 426
66.txt,Đại học Việt Nhật có địa chỉ email là gì?,"admission@vju.ac.vn, info@vju.ac.vn"
66.txt,Đại học Việt Nhật có hotline là gì?,(+84) 966 954 736 (+84) 969 638 426
66.txt,Đại học Việt Nhật có số hotline là gì?,(+84) 966 954 736 (+84) 969 638 426
66.txt,Đại học Việt Nhật có địa chỉ cơ sở Mỹ Đình là gì?,"Trường Đại học Việt Nhật, đường Lưu Hữu Phước, Cầu Diễn, Nam Từ Liêm, Hà Nội"
66.txt,Đại học Việt Nhật có địa chỉ cơ sở Hòa Lạc là gì?,"Trường Đại học Việt Nhật, Khu đô thị Đại học Quốc gia, Hoà Lạc, Thạch Thất, Hà Nội"
66.txt,Đại học Việt Nhật có địa chỉ email là gì?,"admission@vju.ac.vn, info@vju.ac.vn"
66.txt,Đại học Việt Nhật có địa chỉ hotline là gì?,(+84) 966 954 736 (+84) 969
54.txt,Trường ĐHKHTN được thành lập trên cơ sở hợp nhất 4 khối THPT Chuyên vào năm nào?,2010
54.txt,Số lượng sinh viên tốt nghiệp tiếp tục học cao học vào khoảng bao nhiêu phần trăm?,50%
54.txt,Trường ĐHKHTN đã được Bộ GD&ĐT giao nhiệm vụ triển khai thực hiện 4 đề án đào tạo theo chương trình tiên tiến với đối tác nước ngoài nào?,Các trường đại học có thứ hạng cao trong top 100 trường tốt nhất của thế giới
54.txt,Trường ĐHKHTN đã thực hiện đào tạo sau đại học với tỷ lệ học viên sau đại học lớn hơn bao nhiêu phần trăm?,30%
54.txt,"Năm 2007, Trường đã tổng kết bao nhiêu năm đào tạo CNKHTN?",10
54.txt,Trường ĐHKHTN đã được giao nhiệm vụ đào tạo trình độ tiến sĩ theo đề án 911 với cả hai phương thức đào tạo là tại trường và phối hợp với Đại học Kitakyushu (Nhật Bản) bao nhiêu chuyên ngành?,37 chuyên ngành và chuyên ngành Kỹ thuật môi trường
54.txt,Trường ĐHKHTN quản lý và tổ chức đào tạo bao nhiêu chuyên ngành đào tạo thạc sĩ và 48 chuyên ngành đào tạo tiến sĩ?,46 và 48
54.txt,Số lượng đào tạo đại học của Trường hiện nay gồm bao nhiêu sinh viên đại học chính quy và vừa làm vừa học?,5923 và 1887
54.txt,"Trường ĐHKHTN có bao nhiêu chương trình đào tạo bậc đại học, trong đó có bao nhiêu chương trình nhiệm vụ chiến lược?",45 và 17
59.txt,"Trường Khoa học liên ngành và Nghệ thuật, Đại học Quốc gia Hà Nội có địa chỉ ở đâu?","Nhà G7, Đại học Quốc gia Hà Nội, số 144 Xuân Thủy, Cầu Giấy, Hà Nội"
59.txt,"Số điện thoại của Trường Khoa học liên ngành và Nghệ thuật, Đại học Quốc gia Hà Nội là gì?",0243 754 7716
59.txt,"Năm nào, Trường Khoa học liên ngành và Nghệ thuật công bố thông tin tuyển sinh đại học chính quy năm 2025 (dự kiến)?",2025
59.txt,"Ngày nào, Đại học Quốc gia Hà Nội ban hành chương trình đào tạo trình độ đại học ngành Công nghệ truyền thông?",28 tháng 4 năm 2025
59.txt,"Thành phố nào, Đại học Quốc gia Hà Nội đặt tại?",Hà Nội
59.txt,"Số điện thoại của Trường Khoa học liên ngành và Nghệ thuật, Đại học Quốc gia Hà Nội là 098.129.0448?",Có
59.txt,"Năm nào, Trường Khoa học liên ngành và Nghệ thuật, Đại học Quốc gia Hà Nội công bố thông tin tuyển sinh đại học chính quy năm 2024?",2024
59.txt,"Địa chỉ của Trường Khoa học liên ngành và Nghệ thuật, Đại học Quốc gia Hà Nội là Nhà G7?",Có
59.txt,"Năm nào, Trường Khoa học liên ngành và Nghệ thuật, Đại học Quốc gia Hà Nội ban hành chương trình đào tạo trình độ đại học ngành Công nghệ truyền thông?",2025
31.txt,ĐHQGHN tuyển sinh bao nhiêu chỉ tiêu vào năm 2019?,Gần 10.000 chỉ tiêu
31.txt,ĐHQGHN tuyển sinh bao nhiêu ngành đào tạo vào năm 2019?,"120 ngành, chương trình đào tạo"
31.txt,ĐHQGHN tuyển sinh các hình thức xét tuyển nào vào năm 2019?,(1) Thí sinh sử dụng kết quả kì thi THPT quốc gia; (2) Thí sinh có chứng chỉ quốc tế A-Level; (3) Thí sinh có kết quả trong kỳ thi chuẩn hóa SAT; (4) Thí sinh có chứng chỉ tiếng Anh IELTS
31.txt,"ĐHQGHN tuyển sinh các đối tượng xét tuyển thẳng, ưu tiên xét tuyển nào vào năm 2019?","Các em đạt giải trong kỳ thi học sinh giỏi quốc gia, cấp tỉnh, thành phố"
31.txt,ĐHQGHN có bao nhiêu CTĐT mới được tuyển sinh vào năm 2019?,13 CTĐT mới
31.txt,ĐHQGHN có bao nhiêu CTĐT truyền thống được chuyển đổi theo hướng mô hình đào tạo chất lượng cao vào năm 2019?,Hầu hết các CTĐT chất lượng cao
31.txt,ĐHQGHN tuyển sinh các ngành đào tạo thí điểm vào năm 2019?,15 ngành đào tạo thí điểm
31.txt,ĐHQGHN có bao nhiêu sinh viên tốt nghiệp nhận 2 bằng đại học và 2.500 sinh viên đang theo học bằng kép từ năm 2015 đến nay?,Khoảng hơn 3.000 sinh viên tốt nghiệp nhận 2 bằng đại học và 2.500 sinh viên đang theo học bằng kép
36.txt,Đại học Quốc gia Hà Nội (ĐHQGHN) được thành lập năm nào?,"Năm tài liệu không đề cập rõ ràng, nhưng có thể liên quan đến thông tin về lịch sử của ĐHQGHN"
36.txt,Thành phố Hà Nội là thủ đô của quốc gia nào?,Việt Nam
36.txt,Đại học Quốc gia Hà Nội có bao nhiêu trường đại học thành viên?,"Không rõ, nhưng có thể liên quan đến thông tin về cơ cấu tổ chức của ĐHQGHN"
36.txt,"ĐHQGHN có trụ sở chính tại khu đô thị ĐHQGHN tại Hoà Lạc, Thạch Thất, Hà Nội hay không?",Có
36.txt,Đại học Quốc gia Hà Nội có giấy phép số 993/GP-TTĐT ngày 20/3/2020 của Sở Thông tin và Truyền thông Hà Nội hay không?,Có
36.txt,Đại học Quốc gia Hà Nội có Website kỷ niệm 100 năm hay không?,Có
36.txt,Đại học Quốc gia Hà Nội có các trung tâm đào tạo trực thuộc hay không?,Có
65.txt,Trường Đại học Việt Nhật (VJU) có cơ sở tại đâu?,VJU có cơ sở tại Hà Nội và Hoà Lạc
65.txt,Thông tin tuyển sinh của VJU được cập nhật vào thời điểm nào?,Thông tin tuyển sinh của VJU được cập nhật thường xuyên
65.txt,Số điện thoại hotline của VJU là bao nhiêu?,(+84) 966 954 736 (+84) 969 638 426
65.txt,Địa chỉ cơ sở Mỹ Đình của VJU là ở đâu?,"Đường Lưu Hữu Phước, Cầu Diễn, Nam Từ Liêm, Hà Nội"
65.txt,Thời gian tuyển sinh của VJU thường diễn ra vào khoảng thời gian nào?,Thông tin tuyển sinh của VJU được cập nhật thường xuyên
65.txt,Địa chỉ cơ sở Hòa Lạc của VJU là ở đâu?,"Khu đô thị Đại học Quốc gia, Hoà Lạc, Thạch Thất, Hà Nội"
65.txt,Số điện thoại email của VJU là bao nhiêu?,"admission@vju.ac.vn, info@vju.ac.vn"
65.txt,Thông tin về học phí và học bổng của VJU được cập nhật vào thời điểm nào?,Thông tin về học phí và học bổng của VJU được cập nhật thường xuyên
65.txt,Địa chỉ của VJU có thể được tìm thấy trên trang web nào?,Trang web chính thức của VJU
65.txt,Thông tin về các chương trình đào tạo của VJU được cập nhật vào thời điểm nào?,Thông tin về các chương trình đào tạo của VJU được cập nhật thường xuyên
65.txt,Số điện thoại hotline của VJU có thể được tìm thấy trên trang web nào?,Trang web chính thức của VJU
65.txt,Địa chỉ của VJU có thể được tìm thấy trên trang web nào?,Trang web chính thức của VJU
65.txt,Thông tin về các chương trình đào tạo của VJU được cập nhật vào thời điểm nào?,Thông tin về các chương trình đào tạo của VJU được cập nhật thường xuyên
65.txt,Số điện thoại email của VJU có thể được tìm thấy trên trang web nào?,Trang web chính thức của V
8.txt,Giám đốc ĐHQGHN đã ký Quyết định số 3626/QĐ-ĐHQGHN vào ngày nào?,21/10/2022
8.txt,Quy chế Đào tạo đại học của ĐHQGHN gồm các chương và điều gì?,"9 chương, 51 điều"
8.txt,ĐHQGHN đã đưa học phần công nghệ số và trí tuệ nhân tạo vào giảng dạy từ năm nào?,Năm nhất
8.txt,Trường ĐH Kinh tế và Trường THPT Khoa học Giáo dục đã thúc đẩy Chương trình Ươm tạo tài năng VNU 12+ vào ngày nào?,07/05/2025
8.txt,ĐHQGHN đã mở thêm 4 chuyên ngành đào tạo cử nhân thích ứng với thị trường lao động vào ngày nào?,25/03/2025
8.txt,Đại học Quốc gia Hà Nội đã ký Quyết định số 3626/QĐ-ĐHQGHN ban hành Quy chế Đào tạo đại học vào năm nào?,2022
8.txt,ĐHQGHN đã tổ chức Ngày hội tư vấn tuyển sinh - hướng nghiệp 2025 vào ngày nào?,17/03/2025
8.txt,"ĐHQGHN đã tập trung ưu tiên đào tạo các ngành kỹ thuật - công nghệ, chip, công nghệ bán dẫn vào ngày nào?",15/02/2025
8.txt,ĐHQGHN đã ký Quyết định số 3626/QĐ-ĐHQGHN ban hành Quy chế Đào tạo đại học của Đại học Quốc gia Hà Nội vào ngày nào?,21/10/2022
8.txt,ĐHQGHN đã đưa học phần công nghệ số và trí tuệ nhân tạo vào giảng dạy từ năm nào?,Năm nhất
14.txt,Đại học Quốc gia Hà Nội có bao nhiêu trường đại học thành viên?,09
14.txt,Trách nhiệm của các Trường đại học thành viên thuộc Đại học Quốc gia Hà Nội trong hoạt động đào tạo được quy định tại Điều 13 Quy chế tổ chức và hoạt động của Đại học quốc gia và cơ sở giáo dục đại học thành viên.,"Có nhiệm vụ xây dựng, tổ chức thẩm định đề án mở ngành, chuyên ngành đào tạo của đơn vị, báo cáo Giám đốc Đại học quốc gia; có trách nhiệm tổ chức cập nhật, điều chỉnh và ban hành chương trình đào tạo của đơn vị theo đúng quy định của Đại học quốc gia"
14.txt,Địa chỉ của Trường Đại học Văn Lang Cơ Sở 3 là ở đâu?,Không có thông tin về địa chỉ của Trường Đại học Văn Lang Cơ Sở 3 trong tài liệu
14.txt,Mã trường Đại học Công Thương TP HCM là gì?,Không có thông tin về mã trường Đại học Công Thương TP HCM trong tài liệu
14.txt,Đại học Quốc gia Hà Nội được thành lập trên cơ sở nào?,Đại học Quốc gia Hà Nội được thành lập trên cơ sở quyết định của Thủ tướng Chính phủ
14.txt,Trường đại học tự chủ tài chính sử dụng nguồn tài chính cho các hoạt động nào?,"Trường đại học tự chủ tài chính sử dụng nguồn tài chính cho các hoạt động như đào tạo, nghiên cứu, dịch vụ và kinh doanh"
14.txt,Số lượng Trường đại học thành viên thuộc Đại học Quốc gia Hà Nội là bao nhiêu?,09
14.txt,Đại học Quốc gia Hà Nội có bao nhiêu đơn vị thành viên?,Không có thông tin về số lượng đơn vị thành viên của Đại học Quốc gia Hà Nội trong tài liệu
14.txt,Trách nhiệm của các Trường đại học thành viên thuộc Đại học Quốc gia Hà Nội trong hoạt động đào tạo được quy định tại Điều khoản nào của Quy chế tổ chức và hoạt động của Đại học quốc gia và cơ sở giáo dục đại học thành viên?,Điều 13
58.txt,Đại học Quốc gia Hà Nội được thành lập vào năm nào?,"Không rõ, nhưng có thể liên quan đến văn bản ""Website kỷ niệm 100 năm ĐHQGHN"""
58.txt,Quy định tạm thời về công tác người nước ngoài học tại Đại học Quốc gia Hà Nội được ban hành vào ngày nào?,21 tháng 3 năm 2002
58.txt,Vị trí tuyển dụng của Đại học Quốc gia Hà Nội có bao nhiêu loại hình?,"Không rõ, nhưng có thể liên quan đến ""Vị trí tuyển dụng"" trong menu"
58.txt,Số lượng các trường đại học thành viên của Đại học Quốc gia Hà Nội là bao nhiêu?,"Không rõ, nhưng có thể liên quan đến ""Các trường đại học thành viên"" trong menu"
58.txt,Đại học Quốc gia Hà Nội có bao nhiêu khoa trực thuộc?,"Không rõ, nhưng có thể liên quan đến ""Các khoa trực thuộc"" trong menu"
58.txt,Đại học Quốc gia Hà Nội có bao nhiêu đơn vị nghiên cứu khoa học?,"Không rõ, nhưng có thể liên quan đến ""Các đơn vị nghiên cứu khoa học"" trong menu"
58.txt,Đại học Quốc gia Hà Nội có bao nhiêu trung tâm đào tạo trực thuộc?,"Không rõ, nhưng có thể liên quan đến ""Các trung tâm đào tạo trực thuộc"" trong menu"
58.txt,Đại học Quốc gia Hà Nội có bao nhiêu đơn vị dịch vụ và hỗ trợ?,"Không rõ, nhưng có thể liên quan đến ""Các đơn vị dịch vụ và hỗ trợ"" trong menu"
58.txt,Đại học Quốc gia Hà Nội có bao nhiêu đơn vị thực hiện nhiệm vụ đặc biệt?,"Không rõ, nhưng có thể liên quan đến ""Các đơn vị thực hiện nhiệm vụ đặc biệt"" trong menu"
58.txt,Đại học Quốc gia Hà Nội có bao nhiêu văn bản pháp quy?,"Không rõ, nhưng có thể liên quan đến ""Văn bản pháp quy"" trong menu"
58.txt,Đại học Quốc gia Hà Nội có bao nhiêu thủ tục hành chính trực tuyến?,"Không rõ, nhưng có thể liên quan đến ""Thủ tục hành chính trực tuyến"" trong menu"
58.txt,Đại học Quốc gia Hà Nội có bao nhiêu cơ sở vật chất?,"Không rõ, nhưng có thể liên quan đến ""Cơ sở vật chất"" trong menu"
